1,1,1977,0,0,7.16
2,1,1977,0,0,7.6
3,1,1977,0,0,6.95
4,1,1977,0,0,8.13
5,1,1977,0,0,9.15
6,1,1977,0,0,4.74
7,1,1977,0,0,7.53
8,1,1977,0,0,8.41
9,1,1977,0,0,6.73
10,1,1977,0,0,7.76
11,1,1977,0,0,7.54
12,1,1977,0,0,8.07
13,1,1977,0,0,7.59
14,1,1977,0,0,7.28
15,1,1977,0,0,7.4
16,1,1977,0,0,8
17,1,1977,0,0,7.65
18,1,1977,9.5,0,6.22
19,1,1977,0.1,0,5.17
20,1,1977,0,0,5.9
21,1,1977,0,0,6.96
22,1,1977,0,0,6.51
23,1,1977,0,0,7.45
24,1,1977,0,0,7.94
25,1,1977,0,0,8.66
26,1,1977,0,0,8.16
27,1,1977,0,0,7.69
28,1,1977,0,0,7.99
29,1,1977,0,0,8.13
30,1,1977,0,0,8.32
31,1,1977,0,0,7.83
1,2,1977,0,0,6.66
2,2,1977,0,0,8.27
3,2,1977,0,0,8.07
4,2,1977,0,0,6.82
5,2,1977,0,0,6.94
6,2,1977,0,0,7.2
7,2,1977,0,0,7.76
8,2,1977,0,0,7.93
9,2,1977,0,0,7.45
10,2,1977,0,0,7.69
11,2,1977,0.3,0,7.5
12,2,1977,0,0,5.55
13,2,1977,0,0,6.33
14,2,1977,0,0,5.97
15,2,1977,0,0,7.12
16,2,1977,0,0,7.7
17,2,1977,0,0,7.37
18,2,1977,0,0,6.64
19,2,1977,0,0,7.06
20,2,1977,8.6,0,7.14
21,2,1977,0.1,0,6.28
22,2,1977,0,0,5.73
23,2,1977,0,0,5.05
24,2,1977,0,0,4.91
25,2,1977,0,0,6.59
26,2,1977,0,0,6.81
27,2,1977,0,0,7.09
28,2,1977,0,0,7.34
1,3,1977,0,0,7.04
2,3,1977,0,0,4.96
3,3,1977,0,0,6.1
4,3,1977,0,0,4.46
5,3,1977,0,0,5.07
6,3,1977,0,0,5.29
7,3,1977,0,0,5.99
8,3,1977,0,0,6.17
9,3,1977,0,0,5.85
10,3,1977,0,0,5.24
11,3,1977,0,0,5.24
12,3,1977,0,0,5.43
13,3,1977,0,0,5.65
14,3,1977,0,0,4.55
15,3,1977,0,0,4.52
16,3,1977,0,0,4.67
17,3,1977,0,0,5.04
18,3,1977,0,0,5.16
19,3,1977,0,0,4.38
20,3,1977,0.1,0,4.65
21,3,1977,0,0,4.43
22,3,1977,0,0,4.38
23,3,1977,1.5,0,4.29
24,3,1977,0.4,0,4.1
25,3,1977,0,0,3.81
26,3,1977,0,0,3.59
27,3,1977,1,0,4.43
28,3,1977,0.1,0,3.94
29,3,1977,1.3,0,2.11
30,3,1977,0.1,0,2.45
31,3,1977,0,0,3.4
1,4,1977,0,0,4.08
2,4,1977,0,0,3.76
3,4,1977,0,0,3.96
4,4,1977,0,0,4.1
5,4,1977,0,0,3.4
6,4,1977,0,0,3.48
7,4,1977,0,0,3.69
8,4,1977,0,0,3.79
9,4,1977,0,0,3.99
10,4,1977,0,0,3.65
11,4,1977,0,0,3.85
12,4,1977,0,0,2.71
13,4,1977,0,0,3.13
14,4,1977,0,0,3.23
15,4,1977,0,0,2.66
16,4,1977,0,0,2.92
17,4,1977,0,0,2.87
18,4,1977,0,0,2.63
19,4,1977,0,0,3.23
20,4,1977,0,0,2.81
21,4,1977,0,0,3.05
22,4,1977,0,0,3.07
23,4,1977,0,0,2.97
24,4,1977,0,0,3.02
25,4,1977,0,0,2.78
26,4,1977,0.3,0,2.8
27,4,1977,0.7,0,1.28
28,4,1977,0,0,1.56
29,4,1977,0.2,0,1.52
30,4,1977,0,0,2.24
1,5,1977,1.6,0,2.61
2,5,1977,0.5,0,1.11
3,5,1977,0.7,0,1.08
4,5,1977,0,0,1.71
5,5,1977,0,0,1.85
6,5,1977,8.6,0,1.79
7,5,1977,0.6,0,1.32
8,5,1977,0,0,1.52
9,5,1977,3.8,0,1.7
10,5,1977,3.6,0,1.34
11,5,1977,0.6,0,1.61
12,5,1977,0.2,0,1.62
13,5,1977,0,0,1.36
14,5,1977,0,0,1.75
15,5,1977,39.9,0,1.66
16,5,1977,17.2,0,1.08
17,5,1977,10.5,0,1.34
18,5,1977,7.4,0,1.33
19,5,1977,0.5,0,1.33
20,5,1977,0,0,1.24
21,5,1977,8.3,0,1.05
22,5,1977,0.2,0,0.98
23,5,1977,0,0,1.06
24,5,1977,8.7,0,1.07
25,5,1977,4.1,0,0.85
26,5,1977,0,0,0.98
27,5,1977,0,0,1.18
28,5,1977,0,0,0.96
29,5,1977,0,0,1
30,5,1977,0,0,1.09
31,5,1977,0,0,1.21
1,6,1977,0,0,1.16
2,6,1977,0,0,1.15
3,6,1977,0.1,0,1.16
4,6,1977,6.8,0,0.97
5,6,1977,3.2,0,0.94
6,6,1977,0.1,0,0.81
7,6,1977,0,0,0.81
8,6,1977,0,0,0.89
9,6,1977,7.9,0,0.67
10,6,1977,10.5,0,0.62
11,6,1977,2.8,0,0.68
12,6,1977,3.5,0,0.94
13,6,1977,0.1,0,0.69
14,6,1977,23,0,0.73
15,6,1977,11.2,0,0.85
16,6,1977,10.7,0,0.73
17,6,1977,0,0,0.7
18,6,1977,0.1,0,0.78
19,6,1977,0.1,0,0.81
20,6,1977,0.1,0,0.89
21,6,1977,0,0,0.84
22,6,1977,0,0,0.88
23,6,1977,0,0,0.91
24,6,1977,0,0,0.89
25,6,1977,0.6,0,0.94
26,6,1977,8.2,0,1.04
27,6,1977,0.1,0,0.76
28,6,1977,0,0,0.81
29,6,1977,3.6,0,0.81
30,6,1977,0.1,0,0.61
1,7,1977,11.1,0,0.75
2,7,1977,0.6,0,0.71
3,7,1977,0,0,0.69
4,7,1977,0,0,0.9
5,7,1977,0.1,0,1.08
6,7,1977,0.2,0,0.97
7,7,1977,0,0,0.96
8,7,1977,2.2,0,0.82
9,7,1977,0.4,0,0.76
10,7,1977,0,0,0.86
11,7,1977,9.3,0,0.94
12,7,1977,0.2,0,0.64
13,7,1977,0,0,1.06
14,7,1977,0,0,1.12
15,7,1977,0,0,1.21
16,7,1977,0,0,1.34
17,7,1977,31.7,0,0.77
18,7,1977,7.5,0,0.94
19,7,1977,2,0,1.04
20,7,1977,28.2,0,0.89
21,7,1977,3,0,0.88
22,7,1977,2.5,0,0.89
23,7,1977,0,0,0.9
24,7,1977,0.1,0,1.11
25,7,1977,0,0,1.26
26,7,1977,0,0,1.33
27,7,1977,0,0,1.36
28,7,1977,0,0,1.37
29,7,1977,4.9,0,1.2
30,7,1977,1.2,0,1.32
31,7,1977,0,0,1.41
1,8,1977,32.5,0.0001,1.74
2,8,1977,1.5,0.0007,1.09
3,8,1977,10.4,0.0007,1.4
4,8,1977,0.1,0.0005,1.24
5,8,1977,0.7,0.0004,1.26
6,8,1977,0,0.0003,1.38
7,8,1977,45.4,0.0017,1.72
8,8,1977,7.3,0.0264,1.25
9,8,1977,23.5,0.051,1.26
10,8,1977,32.8,0.2443,1.51
11,8,1977,7.9,0.3078,1.57
12,8,1977,5.9,0.2241,1.4
13,8,1977,1,0.1681,1.44
14,8,1977,0,0.1322,1.8
15,8,1977,0,0.0957,1.85
16,8,1977,0,0.0703,2.03
17,8,1977,4.6,0.0551,2.27
18,8,1977,9,0.0582,1.25
19,8,1977,15.1,0.1086,1.53
20,8,1977,1.9,0.1352,1.76
21,8,1977,2.4,0.1061,1.6
22,8,1977,6.9,0.087,1.96
23,8,1977,0.2,0.0853,1.58
24,8,1977,6.1,0.0738,1.5
25,8,1977,3.6,0.0636,1.9
26,8,1977,0.1,0.0634,1.8
27,8,1977,4.5,0.0602,2.34
28,8,1977,0,0.0584,2.01
29,8,1977,0,0.0498,2.48
30,8,1977,0,0.0409,2.45
31,8,1977,0,0.0347,2.38
1,9,1977,0,0.0299,2.7
2,9,1977,0,0.0257,2.67
3,9,1977,0,0.0227,2.76
4,9,1977,0,0.0199,2.81
5,9,1977,0,0.0174,2.96
6,9,1977,0.8,0.0156,3.13
7,9,1977,11.9,0.0158,3.12
8,9,1977,0,0.0199,2.31
9,9,1977,0,0.0253,3.01
10,9,1977,0,0.0206,3.1
11,9,1977,0.1,0.0161,2.75
12,9,1977,0,0.0137,2.95
13,9,1977,0,0.0122,3.25
14,9,1977,0,0.011,3.2
15,9,1977,10.7,0.0106,3.57
16,9,1977,4.7,0.0101,2.79
17,9,1977,2.1,0.0108,2.62
18,9,1977,0.1,0.0163,3.09
19,9,1977,0,0.0161,3.53
20,9,1977,0,0.0131,3.97
21,9,1977,4.5,0.0108,4.06
22,9,1977,0.2,0.0095,1.58
23,9,1977,0.1,0.0087,3.44
24,9,1977,0.2,0.0092,1.87
25,9,1977,0,0.0087,3.76
26,9,1977,0,0.0084,4.26
27,9,1977,0,0.0077,3.32
28,9,1977,0,0.0069,3.72
29,9,1977,0,0.006,3.6
30,9,1977,15.8,0.0061,4.23
1,10,1977,2.2,0.0067,1.9
2,10,1977,19.4,0.0105,3.54
3,10,1977,4.8,0.0307,2.94
4,10,1977,0.1,0.045,2.63
5,10,1977,0,0.0397,4.09
6,10,1977,0,0.0264,4.51
7,10,1977,10.4,0.02,5.12
8,10,1977,7.7,0.0208,3.87
9,10,1977,0.4,0.0291,4.16
10,10,1977,3.2,0.0312,2.85
11,10,1977,6.6,0.0246,4.4
12,10,1977,0.9,0.0423,3.56
13,10,1977,0.1,0.0387,3.68
14,10,1977,0,0.0259,4.55
15,10,1977,0,0.0188,4.71
16,10,1977,0,0.0149,5.13
17,10,1977,0,0.0121,5.47
18,10,1977,0,0.0106,5.44
19,10,1977,0,0.0088,5.39
20,10,1977,0,0.0078,5.85
21,10,1977,0,0.0065,6.25
22,10,1977,0,0.0052,6.58
23,10,1977,0,0.0044,6.26
24,10,1977,0,0.0038,3.55
25,10,1977,0,0.0032,4.74
26,10,1977,0,0.0027,5.93
27,10,1977,10.1,0.0026,5.51
28,10,1977,0.2,0.0025,2.22
29,10,1977,1.9,0.0023,2.79
30,10,1977,17.3,0.0038,2.32
31,10,1977,1.1,0.006,2.23
1,11,1977,0,0.0108,4.09
2,11,1977,0,0.0115,5.24
3,11,1977,1.4,0.0093,6.01
4,11,1977,0,0.0072,5.66
5,11,1977,0,0.0054,6.29
6,11,1977,0,0.0044,5.01
7,11,1977,0.3,0.0037,6.08
8,11,1977,1.3,0.0032,4.93
9,11,1977,0.1,0.0024,5.16
10,11,1977,0,0.0018,5.58
11,11,1977,0,0.0014,6.35
12,11,1977,0,0.0011,7.04
13,11,1977,0,0.0009,5.58
14,11,1977,0,0.0006,6.24
15,11,1977,0.8,0.0004,6.29
16,11,1977,0,0.0003,7.22
17,11,1977,0,0.0002,6.99
18,11,1977,0,0.0001,6.86
19,11,1977,0,0,6.5
20,11,1977,0,0,6.9
21,11,1977,0,0,7.8
22,11,1977,0,0,8.26
23,11,1977,0,0,7.82
24,11,1977,8.4,0,5.2
25,11,1977,0.8,0,4.35
26,11,1977,0.7,0,5.24
27,11,1977,0,0,5.12
28,11,1977,0,0,6.89
29,11,1977,0,0,6.97
30,11,1977,0,0,7.6
1,12,1977,0,0,5.56
2,12,1977,0.1,0,4.22
3,12,1977,0,0,5.06
4,12,1977,0,0,7.87
5,12,1977,0,0,8.5
6,12,1977,0,0,9.23
7,12,1977,0,0,8.21
8,12,1977,0,0,7.84
9,12,1977,0,0,5.91
10,12,1977,0,0,8.1
11,12,1977,0,0,8.75
12,12,1977,0,0,5.35
13,12,1977,0,0,7.47
14,12,1977,0,0,7.75
15,12,1977,0,0,8.18
16,12,1977,0,0,8.77
17,12,1977,0,0,8.6
18,12,1977,0,0,8.44
19,12,1977,0,0,8.66
20,12,1977,0,0,7.3
21,12,1977,0,0,8.33
22,12,1977,0,0,8.71
23,12,1977,0,0,7.82
24,12,1977,0,0,6.73
25,12,1977,0,0,8.03
26,12,1977,0,0,7.77
27,12,1977,0,0,5.51
28,12,1977,0,0,9.21
29,12,1977,0.3,0,5.6
30,12,1977,0,0,5.02
31,12,1977,0,0,5.79
1,1,1978,0,0,5.65
2,1,1978,0,0,4.21
3,1,1978,0,0,6.52
4,1,1978,0,0,8.94
5,1,1978,0,0,8.26
6,1,1978,0,0,7.68
7,1,1978,0,0,8.49
8,1,1978,3.5,0,5.36
9,1,1978,0.3,0,3.96
10,1,1978,0.1,0,6.39
11,1,1978,0,0,8.79
12,1,1978,0,0,5.8
13,1,1978,0,0,6.42
14,1,1978,0,0,5.13
15,1,1978,0,0,7
16,1,1978,0,0,4.04
17,1,1978,0,0,6.88
18,1,1978,0,0,7.48
19,1,1978,0,0,8.13
20,1,1978,0,0,8.47
21,1,1978,0,0,7.82
22,1,1978,0,0,7.58
23,1,1978,0,0,7.24
24,1,1978,0,0,7.52
25,1,1978,0,0,7.85
26,1,1978,0,0,8.05
27,1,1978,0,0,7.83
28,1,1978,0,0,8.06
29,1,1978,0,0,8.28
30,1,1978,0,0,8
31,1,1978,0,0,7.92
1,2,1978,0,0,8.1
2,2,1978,0,0,8.25
3,2,1978,0,0,7.16
4,2,1978,0,0,6.99
5,2,1978,0,0,7.32
6,2,1978,0,0,7.46
7,2,1978,0,0,7.58
8,2,1978,0,0,7.06
9,2,1978,0,0,6.84
10,2,1978,0,0,6.95
11,2,1978,0,0,6.9
12,2,1978,0,0,7.59
13,2,1978,0,0,7.54
14,2,1978,1.5,0,7.21
15,2,1978,0.9,0,5.57
16,2,1978,0,0,4.29
17,2,1978,3.7,0,7.7
18,2,1978,1.1,0,7.25
19,2,1978,1.1,0,5.84
20,2,1978,0,0,6.82
21,2,1978,0,0,6.24
22,2,1978,0,0,6.82
23,2,1978,33.2,0,7.28
24,2,1978,0.3,0,2.4
25,2,1978,0,0,3.46
26,2,1978,0,0,4.75
27,2,1978,0,0,5.69
28,2,1978,0,0,5.18
1,3,1978,0,0,6.25
2,3,1978,0.1,0,3.92
3,3,1978,0,0,6.87
4,3,1978,0,0,6.86
5,3,1978,0,0,6.77
6,3,1978,0,0,6.35
7,3,1978,0,0,5.13
8,3,1978,0,0,5.29
9,3,1978,0,0,5.15
10,3,1978,2.3,0,4.26
11,3,1978,0.1,0,3.9
12,3,1978,0,0,3.62
13,3,1978,0,0,3.94
14,3,1978,0.1,0,5.22
15,3,1978,0,0,5.26
16,3,1978,0.1,0,5.23
17,3,1978,4.4,0,2.23
18,3,1978,0.1,0,4.45
19,3,1978,0,0,5.92
20,3,1978,0,0,4.14
21,3,1978,0,0,5.35
22,3,1978,0,0,5.39
23,3,1978,0,0,5.17
24,3,1978,0,0,5.28
25,3,1978,0,0,5.38
26,3,1978,0,0,4.45
27,3,1978,0,0,4.66
28,3,1978,0,0,4.44
29,3,1978,0,0,3.56
30,3,1978,0,0,4.09
31,3,1978,0,0,4.07
1,4,1978,0,0,4.48
2,4,1978,0.3,0,4.47
3,4,1978,0.1,0,4.42
4,4,1978,11.4,0,2.5
5,4,1978,6.7,0,3.14
6,4,1978,0,0,1.78
7,4,1978,0,0,3.02
8,4,1978,0,0,3.61
9,4,1978,0,0,3.03
10,4,1978,0,0,3.41
11,4,1978,0,0,3.81
12,4,1978,0,0,3.49
13,4,1978,3.3,0,3.3
14,4,1978,1.9,0,1.7
15,4,1978,4.6,0,1.94
16,4,1978,0.1,0,1.44
17,4,1978,0,0,3.16
18,4,1978,0.8,0,3.2
19,4,1978,0.2,0,2.13
20,4,1978,0,0,2.76
21,4,1978,0,0,2.52
22,4,1978,0,0,3.03
23,4,1978,0,0,2.87
24,4,1978,0,0,3
25,4,1978,0,0,3.14
26,4,1978,0.2,0,3.32
27,4,1978,0.1,0,2.33
28,4,1978,0,0,2.42
29,4,1978,0,0,2.45
30,4,1978,0.5,0,2.3
1,5,1978,0.9,0,1.64
2,5,1978,0.7,0,1.82
3,5,1978,1.9,0,2.02
4,5,1978,0.2,0,1.27
5,5,1978,0,0,2.06
6,5,1978,0,0,2
7,5,1978,1.1,0,2.21
8,5,1978,0.1,0,1.25
9,5,1978,0.1,0,1.22
10,5,1978,0,0,1.72
11,5,1978,0,0,1.74
12,5,1978,0,0,1.82
13,5,1978,6.6,0,1.75
14,5,1978,37,0,1.81
15,5,1978,17.4,0,1.18
16,5,1978,1.2,0,1.33
17,5,1978,0,0,1.36
18,5,1978,0.1,0,1.53
19,5,1978,27.1,0,1.4
20,5,1978,7.4,0,0.97
21,5,1978,13.5,0,1.33
22,5,1978,0.8,0,0.99
23,5,1978,0,0,0.89
24,5,1978,2.1,0,1.07
25,5,1978,4.8,0,1.03
26,5,1978,7.6,0,1.24
27,5,1978,3.9,0,1.29
28,5,1978,14.2,0,1.12
29,5,1978,0.3,0,0.82
30,5,1978,0,0,1.07
31,5,1978,1,0,1.06
1,6,1978,0.8,0,1.25
2,6,1978,10,0,0.74
3,6,1978,0.1,0,0.88
4,6,1978,0.2,0,1.08
5,6,1978,6.9,0,1.06
6,6,1978,0.1,0,0.82
7,6,1978,0.1,0,0.76
8,6,1978,5.8,0,0.91
9,6,1978,3.6,0,0.76
10,6,1978,0.3,0,0.87
11,6,1978,0.7,0,0.77
12,6,1978,0.1,0,0.63
13,6,1978,0,0,0.92
14,6,1978,9.8,0,0.97
15,6,1978,0.4,0,0.73
16,6,1978,0.2,0,0.71
17,6,1978,0.1,0,0.76
18,6,1978,0,0,0.89
19,6,1978,8.4,0,0.92
20,6,1978,7.7,0,0.7
21,6,1978,15.3,0,0.8
22,6,1978,27,0,0.9
23,6,1978,16.2,0,0.66
24,6,1978,13.5,0.0005,0.61
25,6,1978,6.2,0.0009,0.63
26,6,1978,13.5,0.0009,0.68
27,6,1978,3.3,0.0066,0.77
28,6,1978,16.3,0.014,0.76
29,6,1978,11,0.0213,0.77
30,6,1978,2,0.027,0.75
1,7,1978,0,0.0092,0.84
2,7,1978,0.1,0.0045,0.85
3,7,1978,0.1,0.0025,0.81
4,7,1978,0,0.0014,0.83
5,7,1978,2.1,0.0009,0.63
6,7,1978,0.4,0.0006,0.63
7,7,1978,0.1,0.0004,0.9
8,7,1978,0.4,0.0003,0.86
9,7,1978,0.1,0.0002,1.02
10,7,1978,0.1,0.0001,0.97
11,7,1978,6.7,0.0002,0.96
12,7,1978,2.4,0.0004,0.82
13,7,1978,3.5,0.0004,1
14,7,1978,68.4,0.0201,0.87
15,7,1978,40.1,0.3083,0.82
16,7,1978,26.6,0.4844,0.89
17,7,1978,11.9,0.687,1.09
18,7,1978,23.9,0.6882,0.95
19,7,1978,20.8,0.825,1.03
20,7,1978,30,1.2009,1.03
21,7,1978,13,1.5129,0.76
22,7,1978,4.5,1.2202,0.78
23,7,1978,0.2,0.9017,0.86
24,7,1978,14.4,0.642,1.16
25,7,1978,1,0.6088,0.96
26,7,1978,0.7,0.5227,1.19
27,7,1978,0.1,0.4334,1.09
28,7,1978,0,0.3403,1.36
29,7,1978,1.4,0.2721,1.35
30,7,1978,3.5,0.2224,1.42
31,7,1978,0.2,0.2059,1.02
1,8,1978,0,0.1791,1.42
2,8,1978,0,0.1505,1.49
3,8,1978,0,0.1299,1.43
4,8,1978,9,0.1193,1.7
5,8,1978,0.3,0.1566,1.07
6,8,1978,0,0.1432,1.35
7,8,1978,0.1,0.1203,1.47
8,8,1978,0,0.101,1.67
9,8,1978,0,0.0885,1.65
10,8,1978,0.1,0.0774,1.67
11,8,1978,0,0.07,1.8
12,8,1978,0,0.0622,1.82
13,8,1978,0,0.0575,1.86
14,8,1978,0,0.0527,2.01
15,8,1978,0,0.0497,2.23
16,8,1978,0.3,0.0466,2.11
17,8,1978,0.1,0.0439,1.87
18,8,1978,0,0.0411,1.63
19,8,1978,0,0.0373,2.2
20,8,1978,0,0.0349,1.23
21,8,1978,0,0.0323,1.88
22,8,1978,0,0.0298,2.31
23,8,1978,5.1,0.028,2.67
24,8,1978,0.1,0.026,1.94
25,8,1978,0,0.0263,2.25
26,8,1978,0,0.0259,2.33
27,8,1978,0,0.0231,2.45
28,8,1978,15.6,0.022,2.66
29,8,1978,0.1,0.0395,2.22
30,8,1978,0.1,0.0793,1.43
31,8,1978,0,0.062,2.58
1,9,1978,0.1,0.0467,2.78
2,9,1978,0.2,0.038,2.71
3,9,1978,2.2,0.0315,2.03
4,9,1978,2.1,0.0283,1.95
5,9,1978,0.1,0.0275,2.41
6,9,1978,0,0.0269,2.66
7,9,1978,0,0.0239,2.81
8,9,1978,0.8,0.0217,2.55
9,9,1978,15.2,0.0224,2.87
10,9,1978,21.4,0.0439,2.06
11,9,1978,6.1,0.1392,1.44
12,9,1978,0.3,0.1595,2.55
13,9,1978,0.1,0.1151,2.8
14,9,1978,10.5,0.0844,3.13
15,9,1978,9.7,0.1319,2.86
16,9,1978,0,0.1697,2.85
17,9,1978,0,0.1175,2.23
18,9,1978,0,0.0901,2.84
19,9,1978,13.4,0.0829,3.57
20,9,1978,0.9,0.117,1.72
21,9,1978,0.9,0.0986,2.9
22,9,1978,0,0.0819,2.69
23,9,1978,19.6,0.0934,3.58
24,9,1978,0.8,0.1762,2.88
25,9,1978,0.1,0.1496,3.91
26,9,1978,0,0.1224,3.65
27,9,1978,0.1,0.0976,4.06
28,9,1978,0,0.0793,3.9
29,9,1978,0,0.0651,4.3
30,9,1978,28.4,0.0566,4.76
1,10,1978,37.3,0.3427,2.63
2,10,1978,0.3,0.649,2.29
3,10,1978,0.4,0.6149,3.16
4,10,1978,0.1,0.4495,3.34
5,10,1978,0,0.3049,4.13
6,10,1978,0,0.212,4.4
7,10,1978,0.1,0.1602,4.23
8,10,1978,0,0.1278,4.72
9,10,1978,0.2,0.1056,5.17
10,10,1978,0,0.0894,5.22
11,10,1978,0,0.0754,5.25
12,10,1978,0,0.0647,4.11
13,10,1978,0,0.0553,4.22
14,10,1978,0,0.0481,4.52
15,10,1978,0.8,0.0428,4.95
16,10,1978,0,0.0401,4.58
17,10,1978,0,0.0354,5.18
18,10,1978,0,0.0319,4.19
19,10,1978,0,0.028,5.45
20,10,1978,0,0.0251,5.78
21,10,1978,0,0.0222,6.36
22,10,1978,0,0.0198,5.03
23,10,1978,0,0.017,4.59
24,10,1978,0,0.0153,5.32
25,10,1978,0,0.0137,5.45
26,10,1978,0,0.0124,5.19
27,10,1978,0,0.0108,3.91
28,10,1978,0,0.0098,5.65
29,10,1978,0,0.009,6.08
30,10,1978,0,0.0078,6.44
31,10,1978,0,0.007,6.74
1,11,1978,0,0.0061,6.39
2,11,1978,3.8,0.0056,6.91
3,11,1978,0.5,0.0051,5.46
4,11,1978,0,0.0045,4.71
5,11,1978,0,0.0041,4.92
6,11,1978,0,0.0037,5.78
7,11,1978,0.1,0.0034,6.34
8,11,1978,0.4,0.0031,4.01
9,11,1978,0,0.0026,4.04
10,11,1978,0,0.0023,5.9
11,11,1978,0,0.002,6.34
12,11,1978,0,0.0016,6.62
13,11,1978,0,0.0013,6.69
14,11,1978,0,0.0011,6.57
15,11,1978,0,0.0008,7.04
16,11,1978,0,0.0007,6.76
17,11,1978,0,0.0005,6.27
18,11,1978,0,0.0004,5.97
19,11,1978,0,0.0002,6.48
20,11,1978,0,0.0001,7.65
21,11,1978,0,0.0001,8.22
22,11,1978,0,0,8.8
23,11,1978,0,0,8.86
24,11,1978,10.4,0,8.19
25,11,1978,0.1,0,3.9
26,11,1978,0,0,5.14
27,11,1978,0,0,7.12
28,11,1978,0,0,6.33
29,11,1978,0,0,5.99
30,11,1978,0,0,7.14
1,12,1978,0.6,0,6.98
2,12,1978,0.3,0,4.75
3,12,1978,0,0,4.95
4,12,1978,0,0,7.09
5,12,1978,0,0,7.64
6,12,1978,0,0,8.74
7,12,1978,0,0,9.05
8,12,1978,0.7,0,8.05
9,12,1978,0.3,0,5.61
10,12,1978,0,0,5.79
11,12,1978,0,0,6.52
12,12,1978,0,0,7.98
13,12,1978,0,0,8.43
14,12,1978,0.5,0,5.62
15,12,1978,5.2,0,7.76
16,12,1978,5.8,0,4.39
17,12,1978,0,0,6.19
18,12,1978,0.2,0,6.82
19,12,1978,0.1,0,4.55
20,12,1978,0,0,4.85
21,12,1978,1.1,0,7.83
22,12,1978,5.6,0,6.48
23,12,1978,0.1,0,5.4
24,12,1978,0.4,0,6.69
25,12,1978,0,0,7.25
26,12,1978,0,0,7.65
27,12,1978,0,0,6.1
28,12,1978,0,0,7.7
29,12,1978,0,0,8.24
30,12,1978,0,0,9.19
31,12,1978,0,0,8.93
1,1,1979,0,0,7.68
2,1,1979,0,0,7.79
3,1,1979,0,0,8.07
4,1,1979,0,0,6.78
5,1,1979,0,0,6.98
6,1,1979,0,0,7.43
7,1,1979,0,0,7.26
8,1,1979,0,0,7.16
9,1,1979,0,0,6.71
10,1,1979,0,0,7.14
11,1,1979,0.7,0,7.99
12,1,1979,0.3,0,5.53
13,1,1979,0.1,0,5.78
14,1,1979,0,0,5.83
15,1,1979,0,0,7.95
16,1,1979,0,0,6.35
17,1,1979,0,0,7.16
18,1,1979,1.2,0,7.58
19,1,1979,0.6,0,4.86
20,1,1979,0,0,4.96
21,1,1979,0,0,7.56
22,1,1979,0,0,8.4
23,1,1979,0,0,7.83
24,1,1979,0,0,6.22
25,1,1979,0,0,7.27
26,1,1979,0,0,7.9
27,1,1979,0,0,8.68
28,1,1979,0,0,8.69
29,1,1979,0,0,7.85
30,1,1979,0,0,7.57
31,1,1979,0,0,8.01
1,2,1979,0,0,7.73
2,2,1979,0,0,4.59
3,2,1979,0,0,6.75
4,2,1979,0,0,7
5,2,1979,0,0,7.51
6,2,1979,0,0,8
7,2,1979,0,0,8.02
8,2,1979,0,0,8.34
9,2,1979,0,0,7.42
10,2,1979,0,0,7.7
11,2,1979,0,0,5.56
12,2,1979,0,0,5.56
13,2,1979,0,0,5.22
14,2,1979,0,0,3.06
15,2,1979,0,0,4.44
16,2,1979,0,0,6.14
17,2,1979,0,0,5.19
18,2,1979,0,0,6.99
19,2,1979,0,0,6.56
20,2,1979,4.1,0,5.91
21,2,1979,3.1,0,5.17
22,2,1979,0,0,4.05
23,2,1979,0,0,6.15
24,2,1979,0,0,6.27
25,2,1979,1.7,0,6.78
26,2,1979,1.1,0,4.64
27,2,1979,0,0,5.16
28,2,1979,0,0,5
1,3,1979,0,0,6.06
2,3,1979,0,0,6.34
3,3,1979,0,0,6.33
4,3,1979,0,0,5.25
5,3,1979,0,0,6.73
6,3,1979,0,0,6.7
7,3,1979,0,0,7.23
8,3,1979,0,0,6.42
9,3,1979,0,0,5.84
10,3,1979,0,0,5.2
11,3,1979,0,0,5.05
12,3,1979,0,0,5.57
13,3,1979,3.8,0,5.56
14,3,1979,10.4,0,4.91
15,3,1979,1.3,0,2.16
16,3,1979,0.1,0,3.65
17,3,1979,0,0,4.36
18,3,1979,0,0,5.12
19,3,1979,0,0,5.06
20,3,1979,0,0,4.52
21,3,1979,0,0,3.49
22,3,1979,0.1,0,4.4
23,3,1979,0,0,3.71
24,3,1979,0,0,3.65
25,3,1979,0,0,4.16
26,3,1979,0,0,4.29
27,3,1979,0.3,0,2.78
28,3,1979,0,0,3.96
29,3,1979,1.2,0,3.46
30,3,1979,0.6,0,3.37
31,3,1979,0,0,2.37
1,4,1979,0,0,3.16
2,4,1979,0,0,3.38
3,4,1979,0,0,3.62
4,4,1979,0,0,2.09
5,4,1979,0,0,2.61
6,4,1979,0,0,3.7
7,4,1979,0,0,3.74
8,4,1979,0,0,3.73
9,4,1979,0,0,2.72
10,4,1979,0,0,1.95
11,4,1979,0,0,3.13
12,4,1979,0,0,3.06
13,4,1979,0,0,3.16
14,4,1979,0.2,0,3.06
15,4,1979,27.9,0,1.8
16,4,1979,0.1,0,1.43
17,4,1979,12.3,0,1.94
18,4,1979,8.6,0,1.46
19,4,1979,14,0,2.26
20,4,1979,0.1,0,2.21
21,4,1979,0,0,1.21
22,4,1979,0,0,2.42
23,4,1979,0,0,2.4
24,4,1979,6.2,0,1.71
25,4,1979,0.1,0,1.75
26,4,1979,0.1,0,1.38
27,4,1979,0,0,2.34
28,4,1979,0,0,2.69
29,4,1979,0,0,2.76
30,4,1979,0,0,2.54
1,5,1979,0,0,1.35
2,5,1979,0,0,1.89
3,5,1979,0,0,2
4,5,1979,0,0,2.02
5,5,1979,0,0,2.02
6,5,1979,0,0,1.93
7,5,1979,0,0,2.07
8,5,1979,0,0,1.96
9,5,1979,0,0,2
10,5,1979,0,0,0.93
11,5,1979,0,0,1.72
12,5,1979,0,0,1.76
13,5,1979,0,0,1.65
14,5,1979,0,0,1.63
15,5,1979,0,0,1.71
16,5,1979,0,0,1.75
17,5,1979,0,0,1.45
18,5,1979,0.1,0,1.12
19,5,1979,6.3,0,1.54
20,5,1979,23.7,0,1.06
21,5,1979,5.8,0,1.18
22,5,1979,4,0,1.06
23,5,1979,19.5,0,1
24,5,1979,1.9,0,0.86
25,5,1979,0.2,0,1.14
26,5,1979,0.2,0,1.12
27,5,1979,10,0,1.18
28,5,1979,1.1,0,0.79
29,5,1979,0,0,1.09
30,5,1979,0,0,0.77
31,5,1979,0,0,1.15
1,6,1979,7.5,0,1.24
2,6,1979,12,0,0.71
3,6,1979,10.3,0,0.96
4,6,1979,0.2,0,0.82
5,6,1979,0,0,0.83
6,6,1979,0.1,0,0.83
7,6,1979,0.2,0,0.97
8,6,1979,5.5,0,1.1
9,6,1979,1.1,0,0.84
10,6,1979,12.5,0,0.75
11,6,1979,0.3,0,0.75
12,6,1979,0,0,0.85
13,6,1979,0.4,0,0.78
14,6,1979,0,0,0.86
15,6,1979,0.3,0,0.86
16,6,1979,13.7,0,0.76
17,6,1979,0.3,0,0.66
18,6,1979,0,0,0.85
19,6,1979,0.2,0,0.9
20,6,1979,0,0,1
21,6,1979,1.6,0,0.96
22,6,1979,3.4,0,0.84
23,6,1979,23.5,0,0.96
24,6,1979,2.7,0,0.6
25,6,1979,0.3,0,0.7
26,6,1979,11.1,0,0.82
27,6,1979,2.2,0,0.65
28,6,1979,18.1,0,0.74
29,6,1979,1.6,0,0.64
30,6,1979,0.1,0,0.75
1,7,1979,0,0,0.84
2,7,1979,0,0,0.82
3,7,1979,0.1,0,0.81
4,7,1979,3.7,0,0.91
5,7,1979,1.9,0,0.85
6,7,1979,25.6,0,1.12
7,7,1979,3.5,0.0006,0.82
8,7,1979,2.8,0.0006,0.8
9,7,1979,0.2,0.0005,0.76
10,7,1979,4.7,0.0004,0.88
11,7,1979,11.6,0.0008,1
12,7,1979,1.4,0.0009,0.94
13,7,1979,7.7,0.0008,1.03
14,7,1979,14.5,0.0012,0.97
15,7,1979,13.2,0.0017,0.99
16,7,1979,1.5,0.0053,1.13
17,7,1979,0.1,0.0024,0.98
18,7,1979,0.1,0.0013,1.08
19,7,1979,19.3,0.001,0.89
20,7,1979,0.1,0.0019,1.1
21,7,1979,0.1,0.0053,0.88
22,7,1979,0.4,0.0034,1.12
23,7,1979,2.4,0.002,0.86
24,7,1979,0.1,0.0013,1.05
25,7,1979,0.1,0.0009,1.02
26,7,1979,0,0.0006,1.2
27,7,1979,0,0.0004,1.3
28,7,1979,11.5,0.0004,1.1
29,7,1979,4.1,0.0011,1.24
30,7,1979,0.1,0.0082,1.32
31,7,1979,0.2,0.0053,1.22
1,8,1979,0.1,0.0031,1.42
2,8,1979,0,0.004,1.47
3,8,1979,0.1,0.0035,1.51
4,8,1979,2.9,0.0029,1.45
5,8,1979,0.3,0.0025,1.3
6,8,1979,4.6,0.0024,1.35
7,8,1979,3.5,0.0023,1.23
8,8,1979,0.3,0.0038,1.42
9,8,1979,0.1,0.0043,1.35
10,8,1979,0.8,0.0042,1.18
11,8,1979,0,0.0035,1.44
12,8,1979,0,0.0029,1.83
13,8,1979,0,0.0025,1.91
14,8,1979,2.3,0.0022,2.01
15,8,1979,0.2,0.002,1.47
16,8,1979,10.8,0.0019,1.56
17,8,1979,29.3,0.0078,1.13
18,8,1979,34.9,0.0848,1.32
19,8,1979,4.7,0.2629,1.25
20,8,1979,0,0.1658,1.24
21,8,1979,0,0.0949,1.98
22,8,1979,0.1,0.0641,2.28
23,8,1979,0,0.0493,2.34
24,8,1979,20.5,0.0429,2.2
25,8,1979,0.2,0.0572,1.83
26,8,1979,0.1,0.0591,2
27,8,1979,0,0.0441,2.43
28,8,1979,0,0.0364,1.78
29,8,1979,0,0.0303,2.56
30,8,1979,0,0.0256,1.81
31,8,1979,0,0.022,2.57
1,9,1979,0,0.0191,2.34
2,9,1979,0.8,0.0169,2.44
3,9,1979,1.3,0.0151,2.17
4,9,1979,0.2,0.0138,2.11
5,9,1979,3.6,0.0133,2.68
6,9,1979,0.6,0.0126,1.77
7,9,1979,1.2,0.0128,2.19
8,9,1979,2.6,0.0136,1.54
9,9,1979,13.1,0.0195,2.56
10,9,1979,0.2,0.03,2.43
11,9,1979,0,0.0251,2.56
12,9,1979,0,0.019,2.3
13,9,1979,1.8,0.0145,3.17
14,9,1979,0.3,0.0122,3.29
15,9,1979,5.9,0.0111,2.65
16,9,1979,0.2,0.0104,2.95
17,9,1979,0,0.0107,2.29
18,9,1979,0,0.0104,3.69
19,9,1979,0.4,0.0092,4.39
20,9,1979,10.3,0.0084,3.79
21,9,1979,5.5,0.0113,3.2
22,9,1979,0.1,0.0193,3.59
23,9,1979,0.1,0.0231,3.27
24,9,1979,4.4,0.0185,3.82
25,9,1979,0.6,0.014,2.24
26,9,1979,0.3,0.0112,2.37
27,9,1979,0,0.01,2.94
28,9,1979,0,0.0091,3.61
29,9,1979,0,0.0081,4.05
30,9,1979,0,0.0072,4.29
1,10,1979,8.4,0.0067,3.46
2,10,1979,0.1,0.0064,4.17
3,10,1979,2.5,0.0059,3.87
4,10,1979,1.9,0.0066,4.63
5,10,1979,2,0.0063,4.27
6,10,1979,1,0.0059,3.52
7,10,1979,1.5,0.0058,2.35
8,10,1979,5.2,0.0056,2.63
9,10,1979,1.3,0.0055,3.89
10,10,1979,0,0.0053,3.94
11,10,1979,4.3,0.0054,3.34
12,10,1979,0.2,0.0052,3.83
13,10,1979,0.1,0.0049,4.59
14,10,1979,0.9,0.0048,4.2
15,10,1979,0,0.0047,4.72
16,10,1979,0.5,0.0043,4.88
17,10,1979,0,0.0036,4.31
18,10,1979,0,0.0031,4.85
19,10,1979,0,0.0028,5.12
20,10,1979,18.3,0.0031,3.75
21,10,1979,0.1,0.0029,3.47
22,10,1979,0,0.0028,3.97
23,10,1979,0,0.0029,5.26
24,10,1979,0,0.0032,6.14
25,10,1979,0,0.0029,6.25
26,10,1979,0,0.0023,6.19
27,10,1979,0,0.0017,5.51
28,10,1979,0,0.0013,6.14
29,10,1979,0,0.0011,6.65
30,10,1979,0,0.0008,6.49
31,10,1979,0,0.0006,6.01
1,11,1979,0,0.0005,5.79
2,11,1979,0,0.0004,6.29
3,11,1979,0,0.0003,3.76
4,11,1979,0,0.0002,4.75
5,11,1979,0,0.0001,5.85
6,11,1979,1.3,0,5.14
7,11,1979,0.3,0,2.87
8,11,1979,0.7,0,5.58
9,11,1979,12.4,0,5.6
10,11,1979,3.2,0.0002,4.88
11,11,1979,0,0.0001,5.76
12,11,1979,18.2,0.0002,6.24
13,11,1979,12.3,0.001,3.86
14,11,1979,0.1,0.0005,4.72
15,11,1979,0,0.0003,5.69
16,11,1979,8.1,0.0002,6.52
17,11,1979,2.1,0.0003,4.46
18,11,1979,4.3,0.0008,5.64
19,11,1979,0.3,0.0019,4.82
20,11,1979,0.4,0.0018,5.2
21,11,1979,2.1,0.0017,7.08
22,11,1979,0.2,0.0014,6.06
23,11,1979,0,0.0011,5.1
24,11,1979,0,0.0008,5.76
25,11,1979,0,0.0006,6.67
26,11,1979,0,0.0004,6.95
27,11,1979,0,0.0003,7.35
28,11,1979,0,0.0001,7.73
29,11,1979,0,0.0001,7.96
30,11,1979,0,0,7.75
1,12,1979,0,0,7.43
2,12,1979,0,0,8.67
3,12,1979,0,0,5.57
4,12,1979,0.8,0,6.09
5,12,1979,0.4,0,5.76
6,12,1979,0.8,0,7.19
7,12,1979,0.3,0,5.76
8,12,1979,0,0,6.15
9,12,1979,0,0,7.22
10,12,1979,0,0,7.8
11,12,1979,1.3,0,8.47
12,12,1979,1,0,4.6
13,12,1979,0,0,6.28
14,12,1979,0,0,6.84
15,12,1979,0,0,5.92
16,12,1979,0,0,6.98
17,12,1979,0,0,7.5
18,12,1979,0,0,8.4
19,12,1979,0,0,4.12
20,12,1979,0,0,5.5
21,12,1979,0,0,7.87
22,12,1979,0,0,8.27
23,12,1979,0,0,8.35
24,12,1979,0,0,8.71
25,12,1979,0,0,8.97
26,12,1979,0,0,9.07
27,12,1979,0,0,7.57
28,12,1979,0,0,8.01
29,12,1979,0,0,8.74
30,12,1979,0,0,8.17
31,12,1979,0,0,6.7
1,1,1980,0,0,5.86
2,1,1980,0,0,6.97
3,1,1980,0,0,7.41
4,1,1980,0,0,7.87
5,1,1980,0,0,8.38
6,1,1980,0,0,8.22
7,1,1980,0,0,8.52
8,1,1980,0,0,6.61
9,1,1980,0.1,0,6.84
10,1,1980,0,0,6.03
11,1,1980,0,0,7.45
12,1,1980,0,0,8.55
13,1,1980,0.2,0,6.18
14,1,1980,0,0,6.68
15,1,1980,0,0,8.11
16,1,1980,0,0,8.08
17,1,1980,0,0,6.66
18,1,1980,0,0,6.69
19,1,1980,0,0,8.13
20,1,1980,0,0,9
21,1,1980,0,0,8.72
22,1,1980,0,0,9.07
23,1,1980,0,0,9.3
24,1,1980,0,0,9.11
25,1,1980,0,0,7.23
26,1,1980,0,0,7.12
27,1,1980,0,0,8.09
28,1,1980,0,0,8.26
29,1,1980,0,0,5.63
30,1,1980,0,0,6.99
31,1,1980,0,0,6.84
1,2,1980,0,0,7.26
2,2,1980,0,0,7.47
3,2,1980,0,0,7.12
4,2,1980,0,0,7.28
5,2,1980,0,0,7.45
6,2,1980,0,0,7.48
7,2,1980,0,0,7.79
8,2,1980,0,0,5.75
9,2,1980,0,0,8.45
10,2,1980,23.7,0,6.41
11,2,1980,5.2,0,2.63
12,2,1980,0.1,0,2.69
13,2,1980,0,0,6.12
14,2,1980,0,0,6.45
15,2,1980,0,0,6.54
16,2,1980,0,0,6.66
17,2,1980,0,0,7.02
18,2,1980,0.5,0,7.41
19,2,1980,0,0,6.2
20,2,1980,0,0,3.1
21,2,1980,0,0,5.15
22,2,1980,0,0,6.45
23,2,1980,0,0,6.63
24,2,1980,0.1,0,6.54
25,2,1980,0,0,6.35
26,2,1980,0,0,4.54
27,2,1980,0,0,5.85
28,2,1980,0,0,6.33
29,2,1980,0,0,6.49
1,3,1980,0,0,6.66
2,3,1980,0.3,0,6.28
3,3,1980,1.3,0,6.17
4,3,1980,0,0,5.03
5,3,1980,0,0,4.83
6,3,1980,0,0,5.45
7,3,1980,0,0,3.02
8,3,1980,0,0,5.56
9,3,1980,0,0,5.8
10,3,1980,1,0,5.65
11,3,1980,0.4,0,5.15
12,3,1980,0.1,0,4.03
13,3,1980,0,0,4.43
14,3,1980,0,0,5.47
15,3,1980,0.3,0,6
16,3,1980,0.3,0,4.27
17,3,1980,0,0,5.4
18,3,1980,0,0,3.07
19,3,1980,0,0,3.84
20,3,1980,2.7,0,4.86
21,3,1980,0,0,3.28
22,3,1980,0,0,4.34
23,3,1980,0,0,4.66
24,3,1980,0,0,4.97
25,3,1980,0,0,5.01
26,3,1980,0,0,3.96
27,3,1980,0,0,4.31
28,3,1980,0.1,0,4.16
29,3,1980,0.1,0,2.02
30,3,1980,0,0,4.72
31,3,1980,0,0,3.21
1,4,1980,0.2,0,4.39
2,4,1980,0,0,3.42
3,4,1980,12.4,0,3.45
4,4,1980,0.1,0,2.65
5,4,1980,0,0,2.75
6,4,1980,0,0,3.32
7,4,1980,0,0,2.66
8,4,1980,0,0,3.33
9,4,1980,1.6,0,2.91
10,4,1980,0.1,0,2.58
11,4,1980,0,0,2.98
12,4,1980,0,0,3.03
13,4,1980,1.1,0,1.82
14,4,1980,1.4,0,1.73
15,4,1980,0.1,0,1.78
16,4,1980,15.5,0,2.56
17,4,1980,5.3,0,1.69
18,4,1980,8.3,0,2.05
19,4,1980,8.2,0,2.2
20,4,1980,41.1,0,2.08
21,4,1980,21.3,0,1.37
22,4,1980,1.2,0,1.26
23,4,1980,2.5,0,1.36
24,4,1980,0,0,1.82
25,4,1980,0,0,2.33
26,4,1980,0,0,2.41
27,4,1980,0,0,2.53
28,4,1980,0,0,2.49
29,4,1980,0,0,2.46
30,4,1980,0,0,2.42
1,5,1980,0,0,2.35
2,5,1980,0,0,2.55
3,5,1980,0,0,2.33
4,5,1980,3.9,0,2.11
5,5,1980,18.7,0,1.56
6,5,1980,2.1,0,1.17
7,5,1980,1.2,0,1.64
8,5,1980,2.1,0,1.41
9,5,1980,5.2,0,1.41
10,5,1980,0.1,0,1.36
11,5,1980,0,0,1.55
12,5,1980,0.3,0,1.31
13,5,1980,0,0,1.26
14,5,1980,0,0,1.2
15,5,1980,0.2,0,1.08
16,5,1980,0,0,1.62
17,5,1980,0,0,1.51
18,5,1980,0,0,1.57
19,5,1980,0,0,1.54
20,5,1980,0,0,1.51
21,5,1980,5.6,0,1.49
22,5,1980,4.7,0,1.55
23,5,1980,0.6,0,0.95
24,5,1980,0.6,0,1.17
25,5,1980,1.1,0,1.06
26,5,1980,0.1,0,0.99
27,5,1980,23.3,0,1.22
28,5,1980,9.4,0,0.76
29,5,1980,16.4,0,1.07
30,5,1980,13.9,0,1.11
31,5,1980,4,0,0.97
1,6,1980,8.7,0,0.82
2,6,1980,9.5,0,1.01
3,6,1980,1.7,0,1.02
4,6,1980,11.8,0,0.86
5,6,1980,0.1,0,0.83
6,6,1980,0.1,0,0.86
7,6,1980,0,0,0.78
8,6,1980,0,0,0.88
9,6,1980,0,0,0.8
10,6,1980,0,0,0.75
11,6,1980,0.2,0,0.82
12,6,1980,0,0,0.92
13,6,1980,6.3,0,0.91
14,6,1980,1.9,0,0.59
15,6,1980,10.1,0,0.77
16,6,1980,0.8,0,0.81
17,6,1980,0,0,0.63
18,6,1980,0,0,0.83
19,6,1980,0.1,0,0.95
20,6,1980,7.4,0,0.72
21,6,1980,51.8,0.0006,0.81
22,6,1980,7.9,0.0028,0.72
23,6,1980,2,0.0012,0.78
24,6,1980,18.6,0.0016,0.87
25,6,1980,7.7,0.0081,0.84
26,6,1980,3.8,0.0147,0.76
27,6,1980,0,0.0064,0.76
28,6,1980,0.1,0.0067,0.8
29,6,1980,32.5,0.013,0.81
30,6,1980,1.4,0.0935,0.72
1,7,1980,0.3,0.0712,0.72
2,7,1980,0.9,0.0444,0.7
3,7,1980,0.1,0.0304,0.63
4,7,1980,0,0.0213,0.91
5,7,1980,0.1,0.0155,0.95
6,7,1980,0,0.0116,0.93
7,7,1980,0,0.0092,1.06
8,7,1980,0,0.0074,1
9,7,1980,9.3,0.0067,1.16
10,7,1980,15.2,0.0091,0.74
11,7,1980,27.6,0.0563,0.88
12,7,1980,6,0.1406,0.67
13,7,1980,1.7,0.1062,0.67
14,7,1980,0.8,0.0708,0.87
15,7,1980,24.7,0.0592,0.99
16,7,1980,2.3,0.1638,0.8
17,7,1980,0,0.1198,0.93
18,7,1980,0.1,0.0796,0.83
19,7,1980,0,0.0626,1.18
20,7,1980,0,0.0498,1.07
21,7,1980,0,0.0411,1.18
22,7,1980,0.1,0.035,1.25
23,7,1980,3.7,0.0309,1.32
24,7,1980,1.7,0.0281,0.96
25,7,1980,21,0.0387,1.15
26,7,1980,26.3,0.1225,0.88
27,7,1980,5.1,0.2209,1.06
28,7,1980,1,0.2042,1.11
29,7,1980,0,0.1538,1.19
30,7,1980,0.4,0.1213,1.26
31,7,1980,17.2,0.1143,0.89
1,8,1980,0.2,0.1643,1.16
2,8,1980,0,0.1325,1.19
3,8,1980,0,0.1013,1.29
4,8,1980,1.9,0.0823,1.78
5,8,1980,10.2,0.0759,1.44
6,8,1980,0,0.0975,1.3
7,8,1980,0,0.0818,1.25
8,8,1980,0,0.0669,1.35
9,8,1980,25.8,0.0793,1.86
10,8,1980,0.9,0.1648,1.19
11,8,1980,0.1,0.1467,1.41
12,8,1980,0,0.1149,1.83
13,8,1980,0.1,0.0938,1.98
14,8,1980,0,0.0764,2
15,8,1980,0,0.0643,1.88
16,8,1980,0,0.0552,2.34
17,8,1980,19,0.0517,2.47
18,8,1980,3.5,0.1038,1.41
19,8,1980,0.1,0.1086,1.88
20,8,1980,13.4,0.0821,1.07
21,8,1980,12.6,0.1486,1.63
22,8,1980,3.2,0.1671,1.63
23,8,1980,0.3,0.141,1.84
24,8,1980,0.2,0.1152,1.69
25,8,1980,11,0.0933,2.38
26,8,1980,16.6,0.184,2.13
27,8,1980,2.2,0.2283,2.37
28,8,1980,1.2,0.1897,2.04
29,8,1980,13.9,0.1615,2.08
30,8,1980,0.6,0.2077,1.71
31,8,1980,4,0.1785,2.5
1,9,1980,0.2,0.1517,1.56
2,9,1980,0,0.136,2.32
3,9,1980,8.6,0.1198,2.66
4,9,1980,0,0.1343,2.43
5,9,1980,1.4,0.1136,2.69
6,9,1980,3.1,0.0978,2.46
7,9,1980,4.5,0.096,2.04
8,9,1980,0.3,0.0938,1.94
9,9,1980,0,0.0865,2.78
10,9,1980,0.1,0.074,3.01
11,9,1980,0,0.0636,2.97
12,9,1980,0,0.0557,2.11
13,9,1980,11.8,0.0518,3.08
14,9,1980,2.8,0.091,1.95
15,9,1980,1.2,0.0869,2.96
16,9,1980,6.3,0.0761,1.56
17,9,1980,0.1,0.0801,2.09
18,9,1980,0,0.0692,2.73
19,9,1980,0,0.057,2.25
20,9,1980,0,0.0501,3.6
21,9,1980,10.2,0.0451,4.16
22,9,1980,12.3,0.0758,1.72
23,9,1980,12.8,0.1153,2.54
24,9,1980,0.2,0.1513,2.78
25,9,1980,0.1,0.1451,3.06
26,9,1980,0,0.1029,4.06
27,9,1980,0,0.0801,4.58
28,9,1980,12.5,0.0665,2.64
29,9,1980,0.9,0.0753,3.15
30,9,1980,3.4,0.0849,3.46
1,10,1980,1.6,0.0757,2.95
2,10,1980,0.1,0.0668,3.14
3,10,1980,3.4,0.059,3.05
4,10,1980,5,0.0544,2.08
5,10,1980,0.3,0.0579,2.5
6,10,1980,0,0.0534,4.06
7,10,1980,0,0.046,4.39
8,10,1980,0,0.0408,4.44
9,10,1980,0.5,0.0362,4.38
10,10,1980,0,0.0325,3.07
11,10,1980,0,0.0293,4.46
12,10,1980,0,0.0267,4.81
13,10,1980,0,0.0242,5.18
14,10,1980,0,0.0217,5.53
15,10,1980,18.5,0.0207,4.03
16,10,1980,1.4,0.0519,2.21
17,10,1980,0,0.0961,4.84
18,10,1980,0,0.0654,3.78
19,10,1980,0,0.0495,3.76
20,10,1980,2.4,0.0412,4.33
21,10,1980,23.9,0.0417,4.08
22,10,1980,0.8,0.0992,2.08
23,10,1980,0.1,0.099,4.44
24,10,1980,0.8,0.0701,5
25,10,1980,5.8,0.0554,5.37
26,10,1980,1.4,0.0493,3.78
27,10,1980,0.1,0.0452,4.97
28,10,1980,0,0.0401,5.26
29,10,1980,0,0.0351,5.81
30,10,1980,0,0.0304,6.35
31,10,1980,0,0.026,6.5
1,11,1980,0,0.0225,6.5
2,11,1980,0.3,0.0196,6.92
3,11,1980,0.6,0.0175,3.97
4,11,1980,0,0.016,4.25
5,11,1980,0.2,0.0148,2.92
6,11,1980,0.1,0.0133,5.31
7,11,1980,0,0.012,6.41
8,11,1980,0,0.0108,6.83
9,11,1980,0,0.0093,6.97
10,11,1980,0,0.0078,6.24
11,11,1980,0,0.0068,6.17
12,11,1980,0,0.0062,5.87
13,11,1980,0,0.0055,2.97
14,11,1980,0,0.0049,6.42
15,11,1980,0,0.0043,5.42
16,11,1980,0,0.0037,5.9
17,11,1980,7.8,0.0036,4.06
18,11,1980,0.7,0.0035,2.85
19,11,1980,0,0.0032,5.99
20,11,1980,0,0.0029,7.12
21,11,1980,0,0.0024,7.09
22,11,1980,0,0.002,7.79
23,11,1980,0.1,0.0017,5.89
24,11,1980,1,0.0014,6.07
25,11,1980,16.5,0.0014,6.54
26,11,1980,1.6,0.0014,5.26
27,11,1980,0,0.0012,5.7
28,11,1980,0.1,0.0012,6.55
29,11,1980,0.9,0.0011,5.89
30,11,1980,0,0.001,5.68
1,12,1980,0,0.0008,6.54
2,12,1980,0,0.0006,6.61
3,12,1980,0,0.0005,6.23
4,12,1980,0,0.0003,7.73
5,12,1980,0,0.0001,8.15
6,12,1980,0,0.0001,8.01
7,12,1980,0,0,8.05
8,12,1980,0,0,5.47
9,12,1980,0,0,7.09
10,12,1980,0,0,6.56
11,12,1980,0,0,5.42
12,12,1980,0,0,7.18
13,12,1980,0,0,7.35
14,12,1980,0,0,7.74
15,12,1980,0,0,7.58
16,12,1980,0,0,7.89
17,12,1980,0,0,8.31
18,12,1980,0,0,7.4
19,12,1980,0,0,7.67
20,12,1980,0,0,5.09
21,12,1980,3.1,0,3.01
22,12,1980,0,0,4.8
23,12,1980,0,0,7.35
24,12,1980,0,0,7.52
25,12,1980,0,0,7.19
26,12,1980,0,0,7.99
27,12,1980,0,0,5.36
28,12,1980,0,0,6.49
29,12,1980,2.4,0,8.41
30,12,1980,45.3,0,4.63
31,12,1980,0.1,0,2.76
1,1,1981,0,0,7.45
2,1,1981,0,0,7.64
3,1,1981,0,0,7.28
4,1,1981,0,0,8.49
5,1,1981,0,0,3.39
6,1,1981,0,0,9.3
7,1,1981,0,0,9.3
8,1,1981,0,0,7.86
9,1,1981,0,0,7.31
10,1,1981,0,0,7.35
11,1,1981,0,0,8.68
12,1,1981,0,0,6.71
13,1,1981,0,0,6.56
14,1,1981,0,0,6.94
15,1,1981,0,0,7.41
16,1,1981,0,0,7.79
17,1,1981,0,0,7.8
18,1,1981,0,0,7.51
19,1,1981,0,0,8.04
20,1,1981,0,0,5.22
21,1,1981,0,0,4.92
22,1,1981,0,0,7.8
23,1,1981,0,0,8.52
24,1,1981,0,0,8.61
25,1,1981,0,0,8.03
26,1,1981,0,0,7.17
27,1,1981,0,0,7.34
28,1,1981,0,0,7.42
29,1,1981,0,0,7.41
30,1,1981,0,0,7.43
31,1,1981,0,0,7.57
1,2,1981,0,0,7.66
2,2,1981,0,0,7.55
3,2,1981,0,0,6.53
4,2,1981,0,0,6.73
5,2,1981,0,0,7.02
6,2,1981,0,0,7.53
7,2,1981,0,0,6.95
8,2,1981,0,0,7.14
9,2,1981,0,0,5.02
10,2,1981,0,0,6.5
11,2,1981,0,0,6.9
12,2,1981,0.3,0,7.1
13,2,1981,0.1,0,3.8
14,2,1981,0,0,6.08
15,2,1981,0,0,6.43
16,2,1981,0,0,6.39
17,2,1981,13.6,0,6.03
18,2,1981,19.9,0,2.32
19,2,1981,0,0,4.68
20,2,1981,0,0,6.51
21,2,1981,0,0,6.99
22,2,1981,0,0,6.79
23,2,1981,0,0,4.99
24,2,1981,0,0,6.08
25,2,1981,0,0,6.26
26,2,1981,0,0,6.25
27,2,1981,0,0,4.94
28,2,1981,0,0,5.72
1,3,1981,0,0,5.45
2,3,1981,0,0,5.72
3,3,1981,0,0,5.85
4,3,1981,0,0,6.1
5,3,1981,0.5,0,5.66
6,3,1981,13.9,0,4.74
7,3,1981,0,0,4.13
8,3,1981,0,0,4.82
9,3,1981,0,0,4.72
10,3,1981,0,0,5.22
11,3,1981,0,0,5.63
12,3,1981,0,0,3.54
13,3,1981,0,0,4.57
14,3,1981,0,0,5.67
15,3,1981,0,0,5.73
16,3,1981,0,0,4.7
17,3,1981,0,0,2.23
18,3,1981,0,0,5.12
19,3,1981,0,0,4.71
20,3,1981,0,0,4.54
21,3,1981,0,0,4.62
22,3,1981,0,0,3.54
23,3,1981,0,0,4.24
24,3,1981,0,0,4.4
25,3,1981,0,0,4.84
26,3,1981,0,0,4.9
27,3,1981,0,0,4.5
28,3,1981,0,0,4.65
29,3,1981,0,0,4.05
30,3,1981,0,0,4.24
31,3,1981,0,0,4.28
1,4,1981,0,0,3.1
2,4,1981,5,0,3.18
3,4,1981,17.6,0,2.14
4,4,1981,24,0,1.63
5,4,1981,0,0,3.09
6,4,1981,0,0,3.4
7,4,1981,3.2,0,2.63
8,4,1981,0.2,0,1.74
9,4,1981,0,0,3.28
10,4,1981,1.9,0,3.67
11,4,1981,2,0,2.88
12,4,1981,0.1,0,2.2
13,4,1981,0.1,0,3.08
14,4,1981,0,0,3.52
15,4,1981,0,0,2.98
16,4,1981,0,0,3.07
17,4,1981,0.3,0,3.21
18,4,1981,1.5,0,1.54
19,4,1981,0.1,0,2.21
20,4,1981,0,0,3.17
21,4,1981,0,0,3.27
22,4,1981,0.1,0,2.95
23,4,1981,0,0,2.67
24,4,1981,0,0,2.33
25,4,1981,0,0,2.77
26,4,1981,0,0,1.94
27,4,1981,0.7,0,2.17
28,4,1981,1.1,0,1.24
29,4,1981,0.1,0,1.71
30,4,1981,0,0,2.06
1,5,1981,0.1,0,1.76
2,5,1981,0,0,1.76
3,5,1981,0,0,2.07
4,5,1981,0,0,2.17
5,5,1981,0.1,0,1.38
6,5,1981,0,0,1.89
7,5,1981,0.1,0,1.93
8,5,1981,0,0,1.89
9,5,1981,0,0,1.99
10,5,1981,0,0,1.98
11,5,1981,0,0,2.09
12,5,1981,0,0,1.74
13,5,1981,0.7,0,1.82
14,5,1981,6.3,0,0.91
15,5,1981,0.1,0,0.96
16,5,1981,0,0,0.82
17,5,1981,0,0,1.5
18,5,1981,0,0,1.51
19,5,1981,0,0,1.6
20,5,1981,1.7,0,1.56
21,5,1981,10.2,0,1.59
22,5,1981,0.2,0,0.78
23,5,1981,0,0,1.22
24,5,1981,23.6,0,1.18
25,5,1981,28.9,0,1.03
26,5,1981,27.6,0,0.71
27,5,1981,39.5,0,0.89
28,5,1981,12.1,0,0.87
29,5,1981,43.5,0,1.09
30,5,1981,18,0,0.73
31,5,1981,0,0,0.82
1,6,1981,5.4,0,0.94
2,6,1981,16,0,0.84
3,6,1981,0.1,0,0.84
4,6,1981,0,0,0.78
5,6,1981,0,0,0.9
6,6,1981,29.1,0.0001,0.91
7,6,1981,29.9,0.0016,0.67
8,6,1981,19.5,0.0741,0.76
9,6,1981,0.6,0.163,0.56
10,6,1981,0.1,0.1051,0.78
11,6,1981,5.9,0.0601,0.74
12,6,1981,2.8,0.0457,0.72
13,6,1981,0.1,0.0448,0.76
14,6,1981,0,0.0372,0.81
15,6,1981,3.9,0.0287,0.83
16,6,1981,0.7,0.0239,0.78
17,6,1981,1.1,0.0215,0.66
18,6,1981,0.6,0.018,0.7
19,6,1981,2.8,0.0148,0.76
20,6,1981,10.4,0.0141,0.86
21,6,1981,0.2,0.0223,0.58
22,6,1981,0.1,0.0241,0.53
23,6,1981,0.1,0.019,0.75
24,6,1981,11.7,0.0167,0.68
25,6,1981,4.7,0.0243,0.61
26,6,1981,6.1,0.0399,0.8
27,6,1981,15.6,0.0525,0.77
28,6,1981,10.1,0.1101,0.79
29,6,1981,11.7,0.1244,0.79
30,6,1981,3.9,0.1675,0.71
1,7,1981,0.5,0.1518,0.65
2,7,1981,0,0.1099,0.66
3,7,1981,0,0.0841,0.85
4,7,1981,0,0.0661,0.94
5,7,1981,0,0.0543,0.81
6,7,1981,0,0.0472,0.88
7,7,1981,0.5,0.0412,0.72
8,7,1981,0,0.0367,0.68
9,7,1981,0.9,0.0323,1.06
10,7,1981,0.1,0.0284,0.78
11,7,1981,3,0.0256,0.84
12,7,1981,0.2,0.0233,0.75
13,7,1981,0.3,0.0227,0.69
14,7,1981,3.7,0.0218,0.73
15,7,1981,0.4,0.0207,1.06
16,7,1981,0.3,0.0201,0.77
17,7,1981,22.8,0.0363,1
18,7,1981,4.7,0.0893,1.21
19,7,1981,0.2,0.0944,0.88
20,7,1981,0,0.0732,1.02
21,7,1981,26,0.0602,1.2
22,7,1981,47.6,0.3337,0.71
23,7,1981,4.4,0.7012,0.75
24,7,1981,6.7,0.7165,0.83
25,7,1981,3.8,0.5453,1.05
26,7,1981,17.2,0.4327,0.83
27,7,1981,0.1,0.4368,1.08
28,7,1981,0.2,0.4301,1.08
29,7,1981,30.8,0.3771,0.78
30,7,1981,1.4,0.5369,1.04
31,7,1981,10.9,0.6888,1.38
1,8,1981,5.7,0.7324,0.98
2,8,1981,4.6,0.5745,1.26
3,8,1981,2.6,0.4941,1.36
4,8,1981,4.8,0.4305,1.4
5,8,1981,3.1,0.3849,1.29
6,8,1981,8.2,0.3406,1.37
7,8,1981,20,0.4356,1.74
8,8,1981,0,0.5997,1.31
9,8,1981,19.2,0.6256,0.93
10,8,1981,18.7,0.6563,1.48
11,8,1981,8.9,1.1017,1.33
12,8,1981,1.1,1.3161,1.3
13,8,1981,2.6,0.8642,1.35
14,8,1981,29.8,0.6527,1.17
15,8,1981,7.9,1.0494,1.23
16,8,1981,8.9,1.3633,1.8
17,8,1981,1.2,1.0778,2.01
18,8,1981,3.1,0.743,1.69
19,8,1981,17,0.694,1.29
20,8,1981,0.2,0.8428,1.57
21,8,1981,0,0.801,2.1
22,8,1981,0,0.6043,1.45
23,8,1981,0.1,0.4767,1.38
24,8,1981,1.4,0.4061,2.02
25,8,1981,3.7,0.3675,1.63
26,8,1981,0.1,0.3552,2.09
27,8,1981,0.1,0.3179,2.26
28,8,1981,1.8,0.274,2.44
29,8,1981,0.1,0.2442,1.78
30,8,1981,0,0.2184,2.36
31,8,1981,0.1,0.1955,2.51
1,9,1981,0.1,0.1746,2.63
2,9,1981,0,0.1595,3.12
3,9,1981,0,0.146,3.36
4,9,1981,0.6,0.136,2.31
5,9,1981,0.2,0.1299,1.52
6,9,1981,0.1,0.1258,2.37
7,9,1981,30,0.121,3.25
8,9,1981,11.8,0.316,1.6
9,9,1981,0.7,0.4595,1.48
10,9,1981,0.4,0.4589,2.95
11,9,1981,0.1,0.3159,2.61
12,9,1981,0,0.2301,3.25
13,9,1981,0,0.1811,3.91
14,9,1981,0,0.1541,3.76
15,9,1981,0.7,0.1333,3.08
16,9,1981,8.6,0.12,3.55
17,9,1981,1.9,0.1758,2.02
18,9,1981,2.2,0.1626,2.34
19,9,1981,0.2,0.1418,1.82
20,9,1981,18.6,0.1932,3.12
21,9,1981,2.1,0.2395,3.01
22,9,1981,0.5,0.2111,1.98
23,9,1981,0,0.1761,2.2
24,9,1981,0,0.1487,1.92
25,9,1981,2.5,0.1275,3.67
26,9,1981,0.1,0.1132,2.63
27,9,1981,0,0.1022,3.87
28,9,1981,0,0.0905,4.34
29,9,1981,6.9,0.0866,4.24
30,9,1981,1.9,0.1024,3.47
1,10,1981,21.3,0.1478,2.26
2,10,1981,0.2,0.2418,1.78
3,10,1981,0,0.2145,3.39
4,10,1981,0,0.158,4.01
5,10,1981,2.7,0.127,4.36
6,10,1981,0,0.1079,3.07
7,10,1981,0.8,0.0991,3.14
8,10,1981,1.4,0.0881,3.25
9,10,1981,0,0.0815,3.17
10,10,1981,0,0.0743,4.67
11,10,1981,0,0.0653,5.07
12,10,1981,0.3,0.0578,5.48
13,10,1981,0.1,0.0522,3.7
14,10,1981,0,0.0486,4.32
15,10,1981,0,0.0454,3.53
16,10,1981,0,0.0429,5.63
17,10,1981,1.7,0.0402,5.5
18,10,1981,0.2,0.0381,2.6
19,10,1981,0,0.0366,5.02
20,10,1981,0,0.0351,4.86
21,10,1981,0.1,0.0327,5.61
22,10,1981,0,0.0311,2.84
23,10,1981,0,0.0289,6.05
24,10,1981,0,0.0273,6.33
25,10,1981,11.6,0.026,6.52
26,10,1981,19,0.0405,3.02
27,10,1981,2.2,0.0728,4.55
28,10,1981,0,0.071,4.25
29,10,1981,0,0.0546,3.74
30,10,1981,0,0.0449,6.25
31,10,1981,0,0.0382,6.96
1,11,1981,9.9,0.0342,6.19
2,11,1981,0.3,0.0358,3.73
3,11,1981,0.9,0.0378,2.69
4,11,1981,0,0.0343,4.16
5,11,1981,0,0.0303,5.26
6,11,1981,1.9,0.0279,3.9
7,11,1981,0.9,0.0268,2.66
8,11,1981,0.1,0.0242,3.77
9,11,1981,0,0.022,6.11
10,11,1981,0,0.0198,6.87
11,11,1981,6.8,0.0184,6.26
12,11,1981,18.6,0.0281,4.24
13,11,1981,0,0.122,4.04
14,11,1981,0,0.078,6.28
15,11,1981,0,0.0509,6.13
16,11,1981,0,0.0394,6.14
17,11,1981,0,0.0313,6.28
18,11,1981,0,0.0266,6.8
19,11,1981,0,0.0229,6.88
20,11,1981,0,0.0202,7.02
21,11,1981,0.1,0.018,6.57
22,11,1981,0.5,0.0163,6.09
23,11,1981,0,0.0153,5.95
24,11,1981,3.2,0.0144,6.55
25,11,1981,14.5,0.0148,6.26
26,11,1981,12.5,0.0194,3.38
27,11,1981,1,0.0245,5.26
28,11,1981,0.5,0.034,4.64
29,11,1981,0,0.031,5.03
30,11,1981,0,0.0264,6.53
1,12,1981,1.2,0.0232,6.6
2,12,1981,0.1,0.0203,6.14
3,12,1981,0.1,0.0183,6.64
4,12,1981,0,0.0167,5.48
5,12,1981,0.2,0.0153,4.93
6,12,1981,0,0.0142,4.36
7,12,1981,0,0.0131,6.53
8,12,1981,0,0.0123,7.34
9,12,1981,3.6,0.0113,8.16
10,12,1981,0.2,0.0108,6.44
11,12,1981,0,0.0097,5.43
12,12,1981,0,0.009,7.13
13,12,1981,0,0.0084,5.03
14,12,1981,0,0.0079,8.04
15,12,1981,0,0.0073,8.1
16,12,1981,0,0.0065,7.27
17,12,1981,0,0.006,7.39
18,12,1981,0,0.0054,6.98
19,12,1981,0,0.0051,7.14
20,12,1981,0,0.0047,7.47
21,12,1981,0,0.0043,7.64
22,12,1981,0,0.0039,7.4
23,12,1981,0,0.0036,7.99
24,12,1981,0,0.0034,7.17
25,12,1981,0.2,0.0032,7.93
26,12,1981,0,0.003,5.36
27,12,1981,0,0.0028,8.34
28,12,1981,0,0.0027,8.63
29,12,1981,2,0.0026,6.48
30,12,1981,0.1,0.0025,4.33
31,12,1981,0,0.0022,6.07
1,1,1982,0,0.0021,6.52
2,1,1982,3.6,0.0021,7.55
3,1,1982,0.1,0.0021,6.44
4,1,1982,0.3,0.002,7.48
5,1,1982,7,0.0023,5.87
6,1,1982,0,0.002,6.03
7,1,1982,0,0.0018,6.62
8,1,1982,0,0.0017,7.6
9,1,1982,0,0.0016,7.51
10,1,1982,0,0.0015,7.22
11,1,1982,0,0.0014,3.99
12,1,1982,0,0.0012,6.92
13,1,1982,0,0.001,7.57
14,1,1982,0,0.0009,8.84
15,1,1982,0,0.0007,8.29
16,1,1982,0,0.0006,7.64
17,1,1982,0.5,0.0004,8.73
18,1,1982,0.1,0.0004,5.49
19,1,1982,0,0.0002,5.45
20,1,1982,33.4,0.0004,7.86
21,1,1982,98,0.0133,2.71
22,1,1982,7.4,0.0968,2.73
23,1,1982,0.7,0.1241,3.26
24,1,1982,0,0.0781,5.5
25,1,1982,0,0.0512,5.48
26,1,1982,0,0.0365,7.21
27,1,1982,0,0.0272,7.92
28,1,1982,0,0.0206,7.7
29,1,1982,0,0.0152,6.97
30,1,1982,0,0.0118,7.01
31,1,1982,0,0.0097,7.21
1,2,1982,0,0.0081,7.96
2,2,1982,0,0.0068,8.33
3,2,1982,0,0.0057,8.29
4,2,1982,0,0.0047,6.45
5,2,1982,0,0.004,7.3
6,2,1982,0,0.0032,6.87
7,2,1982,0,0.0026,6.83
8,2,1982,0,0.0021,6.75
9,2,1982,0,0.0017,6.89
10,2,1982,0,0.0015,7.4
11,2,1982,0,0.0012,7.24
12,2,1982,0,0.001,7.43
13,2,1982,1.4,0.0008,6.35
14,2,1982,4.4,0.0008,6.1
15,2,1982,0,0.0007,5.21
16,2,1982,0,0.0005,5.53
17,2,1982,0,0.0004,5.7
18,2,1982,0,0.0003,6.21
19,2,1982,0,0.0002,6.3
20,2,1982,0,0.0002,5.46
21,2,1982,0,0.0001,5.58
22,2,1982,0,0.0001,6.77
23,2,1982,0,0,6.45
24,2,1982,1.3,0,5.83
25,2,1982,2,0,5.83
26,2,1982,0,0,6.4
27,2,1982,0,0,6.69
28,2,1982,0,0,5.96
1,3,1982,0,0,6.06
2,3,1982,0.7,0,6.24
3,3,1982,0.3,0,3.51
4,3,1982,0,0,6.09
5,3,1982,0,0,5.18
6,3,1982,0,0,5.67
7,3,1982,0,0,5.48
8,3,1982,0,0,4.33
9,3,1982,0,0,4.77
10,3,1982,0,0,5.25
11,3,1982,0,0,5.45
12,3,1982,0,0,5.62
13,3,1982,0,0,5.39
14,3,1982,0,0,4.7
15,3,1982,0,0,4.57
16,3,1982,0,0,4.72
17,3,1982,0,0,4.77
18,3,1982,0,0,4.94
19,3,1982,0,0,5.03
20,3,1982,7.9,0,5.37
21,3,1982,7.6,0,1.94
22,3,1982,0.1,0,3.07
23,3,1982,0,0,2.94
24,3,1982,0,0,3.32
25,3,1982,0,0,4.33
26,3,1982,0,0,4.34
27,3,1982,0,0,4.08
28,3,1982,0,0,3.98
29,3,1982,0,0,4.08
30,3,1982,0,0,4.05
31,3,1982,0,0,3.45
1,4,1982,0,0,3.17
2,4,1982,0,0,3.68
3,4,1982,0,0,3.63
4,4,1982,0,0,3.89
5,4,1982,0,0,3.85
6,4,1982,0,0,3.13
7,4,1982,0,0,2.8
8,4,1982,0,0,2.73
9,4,1982,0,0,3.17
10,4,1982,0,0,3.3
11,4,1982,0,0,3.1
12,4,1982,0,0,1.28
13,4,1982,0,0,2.89
14,4,1982,0,0,3.02
15,4,1982,0,0,2.87
16,4,1982,0,0,2.88
17,4,1982,0,0,3.07
18,4,1982,0,0,3.3
19,4,1982,0,0,3.32
20,4,1982,0,0,2.98
21,4,1982,0,0,2.48
22,4,1982,0,0,2.25
23,4,1982,0,0,2.27
24,4,1982,0,0,2.44
25,4,1982,0,0,2.11
26,4,1982,0,0,2.33
27,4,1982,0,0,2.29
28,4,1982,0,0,2.34
29,4,1982,0,0,2.49
30,4,1982,1.2,0,2.61
1,5,1982,9.9,0,1.73
2,5,1982,0.7,0,1.71
3,5,1982,0.2,0,1.82
4,5,1982,0.1,0,1.38
5,5,1982,0,0,1.59
6,5,1982,0,0,1.36
7,5,1982,0,0,1.79
8,5,1982,4.7,0,2.12
9,5,1982,0.1,0,1.34
10,5,1982,0,0,1.31
11,5,1982,0.7,0,1.93
12,5,1982,0.2,0,1.14
13,5,1982,0,0,1.48
14,5,1982,0,0,1.61
15,5,1982,0.4,0,1.6
16,5,1982,0,0,0.85
17,5,1982,0.9,0,1.5
18,5,1982,0.1,0,0.83
19,5,1982,0,0,1.33
20,5,1982,0,0,1.46
21,5,1982,0,0,1.51
22,5,1982,0,0,1.2
23,5,1982,2.6,0,1.06
24,5,1982,1.6,0,1.07
25,5,1982,0.1,0,1.16
26,5,1982,10.6,0,1.14
27,5,1982,1.5,0,1.02
28,5,1982,4.7,0,0.89
29,5,1982,1.4,0,1.05
30,5,1982,0.1,0,0.96
31,5,1982,0,0,1.09
1,6,1982,0,0,1.15
2,6,1982,11.3,0,1.15
3,6,1982,2,0,0.87
4,6,1982,0,0,0.92
5,6,1982,0.1,0,1.07
6,6,1982,0,0,1.12
7,6,1982,7.7,0,1.09
8,6,1982,25.2,0,0.92
9,6,1982,0.5,0,0.7
10,6,1982,16.6,0,0.76
11,6,1982,0.7,0,0.76
12,6,1982,2.3,0,0.7
13,6,1982,17.5,0,0.82
14,6,1982,2.1,0,0.6
15,6,1982,31.3,0,0.78
16,6,1982,7.9,0,0.73
17,6,1982,5.5,0.0138,0.83
18,6,1982,12.2,0.0184,0.63
19,6,1982,0.2,0.0256,0.64
20,6,1982,0,0.0188,0.82
21,6,1982,0,0.0129,0.73
22,6,1982,0,0.0098,0.88
23,6,1982,6.8,0.0082,0.84
24,6,1982,6.3,0.0077,0.63
25,6,1982,0.9,0.0089,0.68
26,6,1982,0,0.0098,0.68
27,6,1982,0,0.0092,0.71
28,6,1982,2.1,0.0079,0.8
29,6,1982,0.4,0.0067,0.83
30,6,1982,5.3,0.0058,0.82
1,7,1982,0.2,0.0055,0.68
2,7,1982,0,0.0052,0.75
3,7,1982,10.7,0.0058,0.84
4,7,1982,0.2,0.0068,0.68
5,7,1982,16.5,0.0088,0.67
6,7,1982,0.1,0.0141,0.75
7,7,1982,0.6,0.0211,0.82
8,7,1982,0.2,0.0168,0.79
9,7,1982,1.3,0.0128,0.93
10,7,1982,0.1,0.0105,0.83
11,7,1982,0.1,0.0091,1.05
12,7,1982,0.1,0.0081,1.17
13,7,1982,0,0.0072,1.19
14,7,1982,0,0.0064,0.89
15,7,1982,30.7,0.0091,1.19
16,7,1982,11.1,0.0534,0.64
17,7,1982,0.2,0.0656,0.8
18,7,1982,0,0.0458,0.98
19,7,1982,6.1,0.034,1.17
20,7,1982,18.2,0.0535,1.08
21,7,1982,4.5,0.0713,0.95
22,7,1982,13.1,0.0779,0.99
23,7,1982,2.9,0.0823,1.03
24,7,1982,1.8,0.0669,1.1
25,7,1982,1.2,0.0531,1.2
26,7,1982,1.7,0.0458,1.28
27,7,1982,13.8,0.0532,1.08
28,7,1982,0.1,0.0706,1.05
29,7,1982,0.1,0.0559,1.23
30,7,1982,0,0.0441,1.34
31,7,1982,0,0.0378,1.43
1,8,1982,23,0.0365,1.64
2,8,1982,0.8,0.0865,0.85
3,8,1982,0,0.0888,1.16
4,8,1982,0.1,0.0621,1.4
5,8,1982,0.1,0.0491,1.6
6,8,1982,0.1,0.0422,1.85
7,8,1982,24.8,0.0515,2
8,8,1982,2.9,0.1285,0.93
9,8,1982,0.1,0.1097,1.22
10,8,1982,0.2,0.0764,1.7
11,8,1982,0,0.0618,1.78
12,8,1982,0.3,0.0523,1.44
13,8,1982,0.6,0.0464,1.64
14,8,1982,0.2,0.0415,1.72
15,8,1982,0,0.0369,1.59
16,8,1982,0,0.0334,2.27
17,8,1982,0,0.0306,1.96
18,8,1982,9.1,0.0285,2.51
19,8,1982,3.9,0.0323,1.18
20,8,1982,0.3,0.0443,1.99
21,8,1982,0.1,0.0395,2.02
22,8,1982,13.4,0.0341,2.36
23,8,1982,9.3,0.0914,1.42
24,8,1982,0.1,0.1148,1.07
25,8,1982,0,0.0783,1.25
26,8,1982,0,0.0587,1.89
27,8,1982,0,0.0485,2.59
28,8,1982,1.1,0.0426,2.65
29,8,1982,0.2,0.0375,2.47
30,8,1982,0,0.0334,2.43
31,8,1982,1.7,0.0303,2.27
1,9,1982,1.8,0.0278,2.15
2,9,1982,0.5,0.0262,2.07
3,9,1982,0.1,0.0252,1.91
4,9,1982,0.1,0.0238,2.72
5,9,1982,0,0.0215,2.35
6,9,1982,0,0.0192,2.68
7,9,1982,0,0.0173,2.73
8,9,1982,0,0.0157,2.83
9,9,1982,0,0.0142,3.04
10,9,1982,0,0.0132,3.36
11,9,1982,0.5,0.0125,3.25
12,9,1982,0,0.0115,2.68
13,9,1982,0,0.0106,3.56
14,9,1982,28.2,0.0114,3.1
15,9,1982,39.2,0.0647,1.61
16,9,1982,7.8,0.2637,2
17,9,1982,0.5,0.221,2.08
18,9,1982,0.1,0.1304,1.66
19,9,1982,0,0.0888,3.38
20,9,1982,6.8,0.0701,3.97
21,9,1982,4.8,0.0755,1.84
22,9,1982,3.9,0.0947,2.45
23,9,1982,11,0.0899,3.39
24,9,1982,11.3,0.0994,2.03
25,9,1982,0.2,0.144,3.13
26,9,1982,0,0.1236,3.41
27,9,1982,0,0.089,3.76
28,9,1982,0,0.0714,4.23
29,9,1982,0,0.0584,4.32
30,9,1982,0,0.0515,4.74
1,10,1982,1.6,0.046,5.12
2,10,1982,4.6,0.0426,3.52
3,10,1982,9.6,0.0456,2.52
4,10,1982,22.6,0.0765,3.42
5,10,1982,7.8,0.1564,3.65
6,10,1982,0.1,0.1797,3.66
7,10,1982,0.9,0.1222,3.43
8,10,1982,0.1,0.0857,3.83
9,10,1982,0,0.0663,4.44
10,10,1982,0.1,0.0549,4.82
11,10,1982,0.3,0.0472,4.75
12,10,1982,0,0.0415,3.62
13,10,1982,0,0.0367,3.61
14,10,1982,0,0.0328,5.04
15,10,1982,0,0.0289,5.43
16,10,1982,0,0.0261,5.35
17,10,1982,0,0.0231,5.63
18,10,1982,0,0.0198,3.09
19,10,1982,0,0.017,4.87
20,10,1982,0,0.0148,5.22
21,10,1982,0,0.0132,5.45
22,10,1982,0,0.0118,5.66
23,10,1982,0.4,0.0104,6.06
24,10,1982,8.6,0.0095,3.85
25,10,1982,0.5,0.0101,3.75
26,10,1982,0,0.0099,4.38
27,10,1982,0,0.0094,5.22
28,10,1982,0.1,0.0084,5.55
29,10,1982,0,0.0077,4.36
30,10,1982,0,0.007,5.7
31,10,1982,0,0.0064,5.44
1,11,1982,0,0.0057,6.35
2,11,1982,0,0.0052,4.75
3,11,1982,0.3,0.0048,5.02
4,11,1982,1.8,0.0045,4.37
5,11,1982,0.3,0.0042,3.29
6,11,1982,0.1,0.0039,4.75
7,11,1982,0,0.0036,5.56
8,11,1982,0,0.0033,6.25
9,11,1982,0,0.0029,6.91
10,11,1982,0,0.0026,7.85
11,11,1982,0,0.0023,7.71
12,11,1982,0,0.0021,4.36
13,11,1982,0,0.0017,6.89
14,11,1982,0,0.0015,7.14
15,11,1982,0,0.0012,6.67
16,11,1982,0,0.001,6.7
17,11,1982,0,0.0007,6.89
18,11,1982,0,0.0006,7.38
19,11,1982,0,0.0005,7.99
20,11,1982,0,0.0003,7.48
21,11,1982,0,0.0002,6.19
22,11,1982,0,0.0002,5.75
23,11,1982,0,0.0001,3.85
24,11,1982,0,0.0001,4.32
25,11,1982,0,0.0001,3.76
26,11,1982,7.5,0.0001,3.32
27,11,1982,0.3,0.0001,5.12
28,11,1982,0,0.0001,5.36
29,11,1982,0,0,7
30,11,1982,0,0,6.67
1,12,1982,0,0,7.1
2,12,1982,0,0,7.52
3,12,1982,0,0,7.62
4,12,1982,0,0,7.83
5,12,1982,0,0,7.35
6,12,1982,0,0,7.2
7,12,1982,0,0,7.54
8,12,1982,0.1,0,6.19
9,12,1982,0.8,0,3.78
10,12,1982,2.3,0,5.33
11,12,1982,7.9,0,5.81
12,12,1982,0.2,0,4.96
13,12,1982,0,0,6.07
14,12,1982,0.1,0,6.79
15,12,1982,0,0,6.27
16,12,1982,0,0,7.64
17,12,1982,0,0,7.72
18,12,1982,0.3,0,7.81
19,12,1982,0,0,8.58
20,12,1982,0,0,9.08
21,12,1982,0,0,7.39
22,12,1982,0,0,4.2
23,12,1982,0,0,3.72
24,12,1982,0,0,8.03
25,12,1982,0,0,3.43
26,12,1982,0,0,7.73
27,12,1982,0,0,7.74
28,12,1982,0,0,8.52
29,12,1982,0,0,6.34
30,12,1982,0,0,7.26
31,12,1982,0,0,6.95
1,1,1983,0,0,5.98
2,1,1983,0,0,7.89
3,1,1983,0,0,8.31
4,1,1983,0,0,9.18
5,1,1983,0,0,4.43
6,1,1983,0,0,9.15
7,1,1983,0,0,6.45
8,1,1983,0,0,5.34
9,1,1983,0,0,7.59
10,1,1983,0,0,7.48
11,1,1983,0,0,7.55
12,1,1983,0,0,7.37
13,1,1983,0,0,7.71
14,1,1983,0,0,8.13
15,1,1983,0,0,8.38
16,1,1983,0,0,8.96
17,1,1983,0,0,9.09
18,1,1983,0,0,6.26
19,1,1983,0,0,7.72
20,1,1983,0,0,7.69
21,1,1983,0,0,7.75
22,1,1983,0,0,3.48
23,1,1983,0,0,7.79
24,1,1983,0,0,8.03
25,1,1983,0.1,0,7.05
26,1,1983,0,0,7
27,1,1983,0,0,7.32
28,1,1983,0,0,8.01
29,1,1983,0,0,8.32
30,1,1983,0,0,7.71
31,1,1983,1.5,0,6.05
1,2,1983,0,0,5.14
2,2,1983,0,0,6.68
3,2,1983,0,0,7.78
4,2,1983,0,0,5.05
5,2,1983,6.7,0,4.84
6,2,1983,1.2,0,4.85
7,2,1983,5.1,0,4.09
8,2,1983,0.2,0,4.72
9,2,1983,0,0,4.88
10,2,1983,0,0,5.94
11,2,1983,0,0,6.16
12,2,1983,0,0,6.73
13,2,1983,0,0,6.64
14,2,1983,2.9,0,5.4
15,2,1983,22.1,0,3.08
16,2,1983,1.2,0,3.15
17,2,1983,0,0,4.93
18,2,1983,0,0,6
19,2,1983,0,0,7.39
20,2,1983,0,0,7.42
21,2,1983,0,0,2.87
22,2,1983,0,0,6.01
23,2,1983,0,0,6.4
24,2,1983,0,0,5.34
25,2,1983,5.5,0,5.88
26,2,1983,0,0,5.12
27,2,1983,0.4,0,6.09
28,2,1983,0,0,5.09
1,3,1983,0,0,5.77
2,3,1983,0,0,6.84
3,3,1983,0.3,0,6.53
4,3,1983,0,0,4.81
5,3,1983,0,0,4.58
6,3,1983,0,0,4.12
7,3,1983,0,0,5.34
8,3,1983,0,0,5.64
9,3,1983,0,0,5.72
10,3,1983,0,0,5.59
11,3,1983,0,0,5.19
12,3,1983,0,0,5.48
13,3,1983,0,0,5.38
14,3,1983,0,0,5.66
15,3,1983,0,0,5.61
16,3,1983,0,0,4.92
17,3,1983,0,0,2.95
18,3,1983,0,0,5.48
19,3,1983,0,0,5.36
20,3,1983,0,0,5.27
21,3,1983,0,0,5.08
22,3,1983,0,0,4.67
23,3,1983,0,0,4.45
24,3,1983,0,0,4.38
25,3,1983,0,0,4.56
26,3,1983,0,0,4.76
27,3,1983,0,0,4.87
28,3,1983,0,0,4.4
29,3,1983,0.8,0,3.2
30,3,1983,1.4,0,3.22
31,3,1983,34.2,0,3.62
1,4,1983,0.2,0,4.16
2,4,1983,0.3,0,3.65
3,4,1983,0,0,3.48
4,4,1983,1.6,0,3.02
5,4,1983,0,0,2.04
6,4,1983,0,0,3.92
7,4,1983,0.6,0,2.86
8,4,1983,2.1,0,2.7
9,4,1983,1.3,0,2.79
10,4,1983,0.2,0,2.37
11,4,1983,0,0,2.97
12,4,1983,0,0,3.18
13,4,1983,0,0,3.31
14,4,1983,0,0,3.35
15,4,1983,0,0,3.42
16,4,1983,0,0,3.31
17,4,1983,0,0,2.67
18,4,1983,0,0,2.98
19,4,1983,0,0,3.13
20,4,1983,0.1,0,2.96
21,4,1983,0.1,0,2.18
22,4,1983,0,0,1.87
23,4,1983,0,0,2.39
24,4,1983,0,0,2.43
25,4,1983,0,0,2.5
26,4,1983,0,0,2.44
27,4,1983,0.2,0,2.46
28,4,1983,0,0,1.21
29,4,1983,0.1,0,2.13
30,4,1983,0,0,2.81
1,5,1983,0,0,2.76
2,5,1983,32.3,0,1.42
3,5,1983,3.9,0,1.51
4,5,1983,0,0,1.75
5,5,1983,1.1,0,1.08
6,5,1983,12.8,0,2.11
7,5,1983,0.1,0,1.55
8,5,1983,0,0,1.04
9,5,1983,0,0,1.12
10,5,1983,0,0,1.78
11,5,1983,0,0,1.83
12,5,1983,5.2,0,1.83
13,5,1983,0.3,0,1.3
14,5,1983,0,0,1.33
15,5,1983,0,0,1.06
16,5,1983,0,0,1.49
17,5,1983,0.2,0,1.41
18,5,1983,0.2,0,1.52
19,5,1983,0,0,1.3
20,5,1983,0,0,1.07
21,5,1983,0,0,1.48
22,5,1983,0,0,1.47
23,5,1983,0,0,1.13
24,5,1983,0.2,0,1.03
25,5,1983,0,0,1.14
26,5,1983,2.7,0,1.17
27,5,1983,2.7,0,1.45
28,5,1983,0.1,0,0.86
29,5,1983,0,0,1.1
30,5,1983,0,0,1.25
31,5,1983,0.2,0,1.31
1,6,1983,32,0,1.19
2,6,1983,24.6,0,0.8
3,6,1983,1,0,0.7
4,6,1983,7.4,0,1.08
5,6,1983,0.8,0,0.96
6,6,1983,2.1,0,0.78
7,6,1983,0,0,0.91
8,6,1983,0.1,0,0.99
9,6,1983,0,0,1.03
10,6,1983,0,0,0.83
11,6,1983,0,0,0.97
12,6,1983,0,0,1.02
13,6,1983,0,0,0.95
14,6,1983,0.1,0,1.06
15,6,1983,1.5,0,1.1
16,6,1983,4,0,0.74
17,6,1983,77.2,0,0.71
18,6,1983,6.9,0,0.66
19,6,1983,16.1,0,0.9
20,6,1983,1.3,0.0001,0.84
21,6,1983,3.7,0.0001,0.77
22,6,1983,1,0.0001,0.69
23,6,1983,0.2,0.0001,0.9
24,6,1983,4.8,0.0001,0.85
25,6,1983,15.2,0.0007,0.71
26,6,1983,10,0.0009,0.84
27,6,1983,41.2,0.005,0.88
28,6,1983,59.1,0.225,0.75
29,6,1983,18.7,0.4878,0.7
30,6,1983,4.1,0.4924,0.73
1,7,1983,0.4,0.4691,0.83
2,7,1983,0,0.279,0.88
3,7,1983,0.1,0.1743,0.98
4,7,1983,0,0.1193,0.69
5,7,1983,0.1,0.0857,0.97
6,7,1983,0,0.0651,0.97
7,7,1983,7,0.053,1.03
8,7,1983,25.7,0.1156,0.62
9,7,1983,9.1,0.2322,0.73
10,7,1983,0.4,0.2165,0.86
11,7,1983,0.1,0.1786,0.92
12,7,1983,0,0.1291,0.95
13,7,1983,0,0.098,1.01
14,7,1983,0,0.0785,0.8
15,7,1983,0,0.0639,0.85
16,7,1983,0,0.0532,0.99
17,7,1983,0.6,0.0459,1.04
18,7,1983,0.8,0.0407,1.21
19,7,1983,0.2,0.0364,0.85
20,7,1983,1.1,0.0337,0.93
21,7,1983,0.1,0.0314,1.25
22,7,1983,0,0.0283,1.28
23,7,1983,14.5,0.0254,1.32
24,7,1983,46.5,0.1067,1.46
25,7,1983,31.5,0.4282,0.97
26,7,1983,4.7,0.8037,0.89
27,7,1983,0.2,0.757,1.08
28,7,1983,0,0.4866,1.31
29,7,1983,15.2,0.3211,1.38
30,7,1983,0.8,0.3216,1.16
31,7,1983,0.1,0.3259,1.25
1,8,1983,1.5,0.2599,1.27
2,8,1983,1.1,0.2179,0.88
3,8,1983,1.6,0.1839,1.06
4,8,1983,36.4,0.1624,1.51
5,8,1983,20.5,0.6014,1.46
6,8,1983,0.7,0.9042,1.49
7,8,1983,1.2,0.7017,1
8,8,1983,0.2,0.4772,1.51
9,8,1983,0,0.3293,1.73
10,8,1983,0,0.2515,1.89
11,8,1983,0,0.2112,1.19
12,8,1983,25.3,0.2599,1.53
13,8,1983,16.7,0.3664,1.75
14,8,1983,1.6,0.4161,1.22
15,8,1983,0.1,0.4305,1.29
16,8,1983,0.1,0.3622,1.88
17,8,1983,10.2,0.2808,1.85
18,8,1983,0.3,0.2884,1.67
19,8,1983,0.2,0.2493,2.01
20,8,1983,6.8,0.2166,2.24
21,8,1983,0,0.2094,1.98
22,8,1983,17.6,0.1901,2.1
23,8,1983,39.6,0.5214,1.85
24,8,1983,23.5,1.3093,1.73
25,8,1983,7.9,1.7372,1.85
26,8,1983,0.3,1.4896,1.65
27,8,1983,5.5,0.9303,2.35
28,8,1983,22.7,0.7856,2.24
29,8,1983,5.7,1.048,1.62
30,8,1983,1.7,1.0609,1.84
31,8,1983,0.2,0.8465,2.24
1,9,1983,26.7,0.7394,2.81
2,9,1983,1.9,1.2118,2
3,9,1983,26.7,1.1577,1.76
4,9,1983,18.2,2.2749,2
5,9,1983,11.2,2.581,2.11
6,9,1983,23.6,1.8345,2.27
7,9,1983,3.9,2.4133,1.97
8,9,1983,0,2.0127,2.74
9,9,1983,0,1.1368,3.02
10,9,1983,0,0.8201,3.16
11,9,1983,3.9,0.679,3.35
12,9,1983,32.9,0.7467,2.53
13,9,1983,4.6,1.5511,2.37
14,9,1983,2.4,1.3779,2.94
15,9,1983,11.1,0.9981,2.59
16,9,1983,2.4,1.0053,2.52
17,9,1983,0.2,0.8181,3.35
18,9,1983,0.1,0.6549,3.56
19,9,1983,0,0.5355,3.87
20,9,1983,0.1,0.4525,3.38
21,9,1983,0.7,0.3873,4.01
22,9,1983,0.1,0.337,3.88
23,9,1983,4.7,0.2928,2.69
24,9,1983,0.1,0.2777,2.44
25,9,1983,0,0.3231,3.95
26,9,1983,0.6,0.2802,4.34
27,9,1983,0.3,0.2519,3.54
28,9,1983,0.6,0.2239,3.71
29,9,1983,0.1,0.2004,3
30,9,1983,0.1,0.1863,4.14
1,10,1983,0,0.1676,4.5
2,10,1983,0,0.1489,4.23
3,10,1983,0,0.1314,4.44
4,10,1983,0.1,0.1174,4.71
5,10,1983,0,0.1044,5.01
6,10,1983,0.3,0.0938,4.63
7,10,1983,0.1,0.0854,3.56
8,10,1983,0,0.0797,4.64
9,10,1983,0,0.0743,4.77
10,10,1983,0,0.0685,5.24
11,10,1983,0,0.0643,5.35
12,10,1983,7.7,0.0603,3.46
13,10,1983,0.1,0.0652,3.14
14,10,1983,0.1,0.0715,3.01
15,10,1983,0,0.0635,5.01
16,10,1983,2.3,0.0559,5.1
17,10,1983,0.2,0.0512,4.38
18,10,1983,0,0.0483,4.52
19,10,1983,0,0.0457,5.51
20,10,1983,0,0.0421,6.19
21,10,1983,0,0.0384,6.44
22,10,1983,0,0.0343,5.25
23,10,1983,0,0.0311,5.94
24,10,1983,0,0.0285,5.9
25,10,1983,0,0.026,6.78
26,10,1983,0,0.0238,3.46
27,10,1983,0,0.0216,3.89
28,10,1983,0,0.0199,5.25
29,10,1983,0,0.0183,4.14
30,10,1983,0,0.0167,5.86
31,10,1983,0,0.0152,6.21
1,11,1983,0,0.0136,6.43
2,11,1983,0,0.0116,6.61
3,11,1983,0,0.0099,6.1
4,11,1983,0,0.0087,5.55
5,11,1983,5.3,0.0082,6.21
6,11,1983,9.3,0.0081,2.98
7,11,1983,4.5,0.0097,4.8
8,11,1983,0,0.0097,5.18
9,11,1983,0,0.0107,6.03
10,11,1983,0,0.0113,6.89
11,11,1983,0,0.0095,7.07
12,11,1983,8.8,0.0088,5.19
13,11,1983,0,0.0084,3.51
14,11,1983,0,0.0085,3.86
15,11,1983,0,0.0078,5.56
16,11,1983,28.1,0.0092,3.85
17,11,1983,1.5,0.0175,2.34
18,11,1983,1.9,0.0315,4.09
19,11,1983,0.1,0.0374,3.67
20,11,1983,0,0.0315,6.12
21,11,1983,0,0.0253,6.91
22,11,1983,0,0.0196,6.62
23,11,1983,3.7,0.0156,7.23
24,11,1983,0,0.0122,7.46
25,11,1983,0,0.0093,7.47
26,11,1983,0,0.0069,8.01
27,11,1983,0,0.0053,8.15
28,11,1983,0,0.004,8
29,11,1983,0,0.0029,6.58
30,11,1983,0,0.0022,6.73
1,12,1983,0,0.0018,5
2,12,1983,0,0.0015,5.23
3,12,1983,0,0.0012,4.31
4,12,1983,0,0.0011,6.6
5,12,1983,0,0.0009,3.49
6,12,1983,0,0.0007,6.91
7,12,1983,0,0.0006,7.08
8,12,1983,0,0.0004,7.22
9,12,1983,0,0.0003,7.42
10,12,1983,0,0.0002,7.45
11,12,1983,0,0.0001,7.51
12,12,1983,0,0,7.53
13,12,1983,0,0,7.45
14,12,1983,0,0,7
15,12,1983,0,0,7.76
16,12,1983,0,0,8.95
17,12,1983,0,0,8.07
18,12,1983,0,0,6.68
19,12,1983,0,0,6.65
20,12,1983,0,0,7.38
21,12,1983,0,0,7.28
22,12,1983,0,0,8.46
23,12,1983,0,0,3.64
24,12,1983,0,0,7.04
25,12,1983,0,0,7.35
26,12,1983,0.4,0,7.93
27,12,1983,1.5,0,4.09
28,12,1983,0.3,0,3.27
29,12,1983,0.1,0,6.12
30,12,1983,31,0,6.19
31,12,1983,0.4,0,2.93
1,1,1984,0,0,6.23
2,1,1984,0,0,6.24
3,1,1984,0,0,7.15
4,1,1984,0.4,0,7.7
5,1,1984,0.1,0,6.75
6,1,1984,0,0,7.1
7,1,1984,0,0,7.64
8,1,1984,0,0,8.11
9,1,1984,0,0,8.73
10,1,1984,0,0,9.03
11,1,1984,0,0,8.79
12,1,1984,0,0,5.91
13,1,1984,0,0,7.95
14,1,1984,0,0,7.69
15,1,1984,0.1,0,7.29
16,1,1984,0,0,6.2
17,1,1984,0,0,7.53
18,1,1984,0,0,7.93
19,1,1984,0,0,8.43
20,1,1984,0,0,8.51
21,1,1984,0,0,8.63
22,1,1984,0,0,8.37
23,1,1984,0,0,7.38
24,1,1984,0,0,6.91
25,1,1984,0,0,6.97
26,1,1984,0,0,7.39
27,1,1984,0,0,8.06
28,1,1984,0,0,7.66
29,1,1984,0,0,7.35
30,1,1984,0,0,7.8
31,1,1984,0,0,8.61
1,2,1984,0,0,8.53
2,2,1984,0,0,7.58
3,2,1984,0,0,7.59
4,2,1984,0,0,7.45
5,2,1984,0,0,6.83
6,2,1984,0,0,6.87
7,2,1984,0,0,7.08
8,2,1984,0,0,7.41
9,2,1984,0,0,7.01
10,2,1984,0,0,7.99
11,2,1984,0,0,8.33
12,2,1984,0,0,7.69
13,2,1984,0,0,6.65
14,2,1984,0,0,7.22
15,2,1984,0,0,7.01
16,2,1984,0,0,6.9
17,2,1984,0,0,6.86
18,2,1984,0.2,0,6.94
19,2,1984,0,0,5.66
20,2,1984,0,0,5.9
21,2,1984,3,0,6.43
22,2,1984,0.2,0,2.46
23,2,1984,0,0,2.31
24,2,1984,0,0,3.43
25,2,1984,0.2,0,7.18
26,2,1984,0.3,0,6.87
27,2,1984,0,0,5.79
28,2,1984,0,0,5.64
29,2,1984,0,0,4.76
1,3,1984,0,0,6.6
2,3,1984,0,0,6.99
3,3,1984,10.2,0,6.65
4,3,1984,0.9,0,2.42
5,3,1984,0,0,4.73
6,3,1984,0,0,5.24
7,3,1984,2.6,0,5.79
8,3,1984,2.6,0,3.88
9,3,1984,0,0,4.48
10,3,1984,0,0,4.26
11,3,1984,0,0,5.02
12,3,1984,0,0,4.43
13,3,1984,0,0,4.71
14,3,1984,0,0,4.94
15,3,1984,1.8,0,4.94
16,3,1984,0.7,0,3.96
17,3,1984,0,0,3.14
18,3,1984,0,0,4.12
19,3,1984,2.7,0,4.53
20,3,1984,0.1,0,1.79
21,3,1984,0,0,4.28
22,3,1984,0,0,4.48
23,3,1984,0,0,4.25
24,3,1984,0,0,4.24
25,3,1984,0,0,3.64
26,3,1984,0,0,3.81
27,3,1984,0,0,3.66
28,3,1984,0,0,4.08
29,3,1984,0,0,3.94
30,3,1984,0,0,3.38
31,3,1984,0,0,4.1
1,4,1984,0,0,4.02
2,4,1984,0,0,3.82
3,4,1984,0,0,4.09
4,4,1984,0,0,4.16
5,4,1984,0,0,3.93
6,4,1984,0,0,3.67
7,4,1984,0,0,3.49
8,4,1984,0,0,3.23
9,4,1984,0,0,3.41
10,4,1984,0,0,3.65
11,4,1984,11.9,0,3.04
12,4,1984,1.7,0,1.92
13,4,1984,0.3,0,2.7
14,4,1984,0,0,3.12
15,4,1984,0,0,3.11
16,4,1984,0,0,3.37
17,4,1984,3.7,0,3.11
18,4,1984,0.1,0,1.33
19,4,1984,0,0,2.32
20,4,1984,5.2,0,2.79
21,4,1984,2.1,0,1.75
22,4,1984,0.2,0,1.63
23,4,1984,0,0,2.13
24,4,1984,0,0,2.32
25,4,1984,2.3,0,2.61
26,4,1984,0,0,1.6
27,4,1984,0,0,2.69
28,4,1984,0,0,2.83
29,4,1984,26.2,0,2.88
30,4,1984,10.1,0,1.28
1,5,1984,2.3,0,1.76
2,5,1984,0.6,0,1.64
3,5,1984,0,0,1.66
4,5,1984,0,0,2
5,5,1984,0.2,0,2.03
6,5,1984,17.4,0,0.99
7,5,1984,17.9,0,1
8,5,1984,15.9,0,1.45
9,5,1984,11.5,0,1.63
10,5,1984,3.9,0,1.31
11,5,1984,3.9,0,1.3
12,5,1984,0.4,0,0.92
13,5,1984,0.1,0,1.51
14,5,1984,0.2,0,1.54
15,5,1984,8,0,1.37
16,5,1984,1.6,0,1.21
17,5,1984,26.9,0,1.39
18,5,1984,0.1,0,0.88
19,5,1984,19.9,0,1.15
20,5,1984,12.9,0,1.02
21,5,1984,0.4,0,1.17
22,5,1984,0,0,0.93
23,5,1984,0.1,0,0.99
24,5,1984,10.6,0,1.3
25,5,1984,3.6,0,0.81
26,5,1984,36.4,0,0.85
27,5,1984,27.4,0,0.85
28,5,1984,2,0.0003,1.02
29,5,1984,0.2,0.0005,0.87
30,5,1984,1.4,0.0005,0.84
31,5,1984,0.1,0.0003,0.79
1,6,1984,0.2,0.0002,1.03
2,6,1984,0.1,0.0002,0.97
3,6,1984,0,0.0001,1.09
4,6,1984,0,0.0001,1.32
5,6,1984,35.2,0.0009,1.26
6,6,1984,0.2,0.0009,0.78
7,6,1984,0.1,0.0006,0.72
8,6,1984,0.1,0.0075,0.87
9,6,1984,0.3,0.0108,0.89
10,6,1984,0.1,0.0075,0.77
11,6,1984,0.3,0.0056,0.98
12,6,1984,42.6,0.0078,1.01
13,6,1984,10.4,0.1024,0.71
14,6,1984,1.5,0.118,0.78
15,6,1984,0.7,0.0836,0.84
16,6,1984,0,0.0561,0.81
17,6,1984,0,0.0439,0.9
18,6,1984,0.1,0.0353,0.87
19,6,1984,0,0.0288,0.92
20,6,1984,28.3,0.0273,1.01
21,6,1984,18.2,0.1238,0.76
22,6,1984,0.3,0.1908,0.72
23,6,1984,0.1,0.1351,0.64
24,6,1984,0,0.0923,0.63
25,6,1984,2.4,0.0703,0.77
26,6,1984,0,0.0586,0.81
27,6,1984,0.2,0.0498,0.83
28,6,1984,0,0.0427,0.87
29,6,1984,0.1,0.0373,0.92
30,6,1984,7.5,0.034,1.03
1,7,1984,0.1,0.0393,0.82
2,7,1984,0,0.0352,0.93
3,7,1984,6.1,0.0319,0.62
4,7,1984,13.8,0.0449,0.63
5,7,1984,13.2,0.0849,0.95
6,7,1984,3.7,0.1146,0.66
7,7,1984,8.4,0.125,0.69
8,7,1984,0.2,0.1171,0.72
9,7,1984,0,0.0956,0.77
10,7,1984,0.1,0.0771,0.83
11,7,1984,0,0.0642,0.9
12,7,1984,0.1,0.0545,0.99
13,7,1984,0,0.0482,1.04
14,7,1984,0.1,0.0436,1.03
15,7,1984,9.5,0.0413,0.68
16,7,1984,3.5,0.0493,0.81
17,7,1984,0.1,0.0619,0.89
18,7,1984,0,0.0565,0.94
19,7,1984,1.1,0.0481,1.06
20,7,1984,0.5,0.0434,0.71
21,7,1984,0.1,0.0393,0.96
22,7,1984,0,0.0357,1.22
23,7,1984,0.1,0.0322,1.14
24,7,1984,0,0.0291,1.23
25,7,1984,10.3,0.0272,1.37
26,7,1984,5,0.0381,1
27,7,1984,0.1,0.0532,1.26
28,7,1984,0.1,0.0514,1.25
29,7,1984,0.1,0.0443,1.38
30,7,1984,1.2,0.0387,0.93
31,7,1984,0,0.0346,0.9
1,8,1984,10.6,0.0327,1.56
2,8,1984,15.5,0.0615,1.43
3,8,1984,1.4,0.1073,0.99
4,8,1984,0.1,0.0944,1.38
5,8,1984,8.6,0.0818,1.4
6,8,1984,17.2,0.1032,1.42
7,8,1984,18,0.182,1.4
8,8,1984,8.8,0.2712,1.33
9,8,1984,0.2,0.2923,0.94
10,8,1984,0,0.24,1.65
11,8,1984,0.1,0.189,1.4
12,8,1984,0.1,0.1448,0.94
13,8,1984,2.9,0.1173,1.96
14,8,1984,4.4,0.1021,1.72
15,8,1984,15.9,0.1177,1.65
16,8,1984,0.6,0.1665,1.77
17,8,1984,1.9,0.142,1.54
18,8,1984,6.5,0.1273,1.63
19,8,1984,13.4,0.1509,1.69
20,8,1984,4.6,0.1642,1.83
21,8,1984,11.5,0.1851,1.4
22,8,1984,0.8,0.2138,1.57
23,8,1984,4.1,0.1997,2.07
24,8,1984,0,0.1798,1.95
25,8,1984,0.2,0.1457,1.95
26,8,1984,0.1,0.1209,1.89
27,8,1984,0,0.1026,1.72
28,8,1984,0.1,0.0893,1.52
29,8,1984,7.9,0.08,2.58
30,8,1984,0.2,0.0871,1.45
31,8,1984,0.2,0.0925,2.37
1,9,1984,2.6,0.0803,1.46
2,9,1984,6.6,0.0803,1.66
3,9,1984,1.6,0.0898,1.77
4,9,1984,19.7,0.0987,2.87
5,9,1984,5.4,0.1797,1.35
6,9,1984,0.1,0.2298,2.69
7,9,1984,0,0.2166,2.06
8,9,1984,16.1,0.1782,2.62
9,9,1984,0.6,0.2351,1.81
10,9,1984,0,0.2524,2.5
11,9,1984,0,0.2346,2.9
12,9,1984,0.6,0.1909,2.75
13,9,1984,28.6,0.1493,3.27
14,9,1984,30,0.5019,2.44
15,9,1984,0.7,0.9523,2.2
16,9,1984,0.1,0.8599,2.2
17,9,1984,0,0.5528,3.26
18,9,1984,0,0.3773,3.58
19,9,1984,0,0.2776,3.64
20,9,1984,0,0.2199,3.46
21,9,1984,0,0.1823,3.54
22,9,1984,0,0.1544,3.42
23,9,1984,0,0.1338,3.77
24,9,1984,0,0.1179,3.89
25,9,1984,0,0.1045,3.97
26,9,1984,0,0.0918,4.04
27,9,1984,0,0.0817,4.17
28,9,1984,0,0.0749,4.09
29,9,1984,2.2,0.0687,3.78
30,9,1984,0.1,0.0663,3.43
1,10,1984,7,0.0698,4.17
2,10,1984,0.2,0.0883,3.66
3,10,1984,0.3,0.0739,4.06
4,10,1984,0.3,0.066,4.33
5,10,1984,0,0.0599,4.34
6,10,1984,2.7,0.0555,4.87
7,10,1984,12.8,0.0531,2.94
8,10,1984,6.7,0.051,3.4
9,10,1984,0.1,0.049,4.64
10,10,1984,0.1,0.0471,2.97
11,10,1984,0,0.0452,4.96
12,10,1984,1.6,0.0434,4.92
13,10,1984,0,0.0416,4.34
14,10,1984,0,0.0398,4.24
15,10,1984,0,0.0381,4.77
16,10,1984,0,0.0365,5.18
17,10,1984,0,0.0349,5.26
18,10,1984,0,0.033,5.54
19,10,1984,0,0.0289,6.01
20,10,1984,0,0.0262,6.34
21,10,1984,0,0.0232,4.38
22,10,1984,0.1,0.0209,5.2
23,10,1984,1.2,0.0189,4.78
24,10,1984,0.4,0.0175,4.93
25,10,1984,0,0.0162,5.37
26,10,1984,0,0.0151,5.45
27,10,1984,0,0.0139,4.62
28,10,1984,0,0.0122,5.74
29,10,1984,0,0.011,6.58
30,10,1984,20.2,0.012,4.61
31,10,1984,0.2,0.0143,4.72
1,11,1984,0.2,0.0215,3.69
2,11,1984,1.2,0.0234,5.81
3,11,1984,0,0.0199,4.6
4,11,1984,0.7,0.0166,6.25
5,11,1984,7.5,0.0148,6.36
6,11,1984,7.3,0.0145,2.94
7,11,1984,15.6,0.0171,4.58
8,11,1984,30.1,0.0543,4.65
9,11,1984,0.2,0.1312,4.43
10,11,1984,0,0.108,5.81
11,11,1984,0,0.0724,6.35
12,11,1984,0,0.0524,6.82
13,11,1984,0,0.0405,7.6
14,11,1984,0,0.0318,7.69
15,11,1984,0,0.0249,7.94
16,11,1984,32.5,0.0256,6.21
17,11,1984,13.7,0.0443,3.85
18,11,1984,0.1,0.0688,2.66
19,11,1984,0,0.061,5.72
20,11,1984,0,0.0476,6.74
21,11,1984,0,0.0367,5.92
22,11,1984,0,0.0283,6.92
23,11,1984,0.6,0.0224,5.22
24,11,1984,0.1,0.0184,4.66
25,11,1984,0.3,0.0152,6.38
26,11,1984,0.2,0.0124,6.16
27,11,1984,0,0.0104,6.04
28,11,1984,0,0.0087,6.79
29,11,1984,0,0.0071,7.34
30,11,1984,0,0.0058,6.9
1,12,1984,0,0.0047,6.99
2,12,1984,0,0.004,6.27
3,12,1984,0,0.0031,7.13
4,12,1984,0,0.0026,6.96
5,12,1984,0,0.002,7.4
6,12,1984,0,0.0017,7.1
7,12,1984,0.2,0.0013,5.74
8,12,1984,0.1,0.001,5.56
9,12,1984,0.6,0.0008,5.27
10,12,1984,0,0.0006,5.02
11,12,1984,0,0.0005,6.79
12,12,1984,0,0.0004,6.66
13,12,1984,1.4,0.0003,6.33
14,12,1984,0.1,0.0002,5.89
15,12,1984,0,0.0001,6.52
16,12,1984,0,0.0001,6.15
17,12,1984,0,0.0001,6.68
18,12,1984,0,0,6.02
19,12,1984,0,0,7.79
20,12,1984,0,0,8.06
21,12,1984,0,0,8.38
22,12,1984,0,0,8.07
23,12,1984,0,0,7.94
24,12,1984,0,0,7.29
25,12,1984,0,0,7.29
26,12,1984,0,0,8.09
27,12,1984,19.8,0,6.5
28,12,1984,2.6,0,3.44
29,12,1984,0,0,5.89
30,12,1984,0,0,6.03
31,12,1984,0.1,0,7.58
1,1,1985,0,0,5.16
2,1,1985,0,0,7.3
3,1,1985,0,0,7.77
4,1,1985,0,0,8.24
5,1,1985,0,0,8.39
6,1,1985,0,0,8.73
7,1,1985,0,0,7.66
8,1,1985,0,0,7.79
9,1,1985,0,0,8.37
10,1,1985,0,0,8.77
11,1,1985,0,0,7.09
12,1,1985,0,0,8.06
13,1,1985,0,0,7.5
14,1,1985,0,0,6.75
15,1,1985,0,0,7.39
16,1,1985,0.4,0,7.65
17,1,1985,0,0,5.48
18,1,1985,0,0,7.56
19,1,1985,0,0,6.68
20,1,1985,0,0,6.06
21,1,1985,0,0,6.3
22,1,1985,0,0,7.1
23,1,1985,0,0,7.68
24,1,1985,0,0,7.34
25,1,1985,0,0,6.14
26,1,1985,0,0,6.05
27,1,1985,0,0,6.64
28,1,1985,0,0,7.33
29,1,1985,0,0,7.05
30,1,1985,0,0,7.17
31,1,1985,0.9,0,7.46
1,2,1985,0,0,7.76
2,2,1985,0,0,6.72
3,2,1985,0,0,7.02
4,2,1985,0,0,7.19
5,2,1985,0,0,7.34
6,2,1985,0,0,7.49
7,2,1985,0,0,7.57
8,2,1985,0.1,0,7.57
9,2,1985,10.4,0,5
10,2,1985,0.1,0,5.32
11,2,1985,0,0,7.74
12,2,1985,0,0,7.44
13,2,1985,0,0,7.62
14,2,1985,0,0,7.46
15,2,1985,0,0,3.36
16,2,1985,0,0,6.28
17,2,1985,0,0,6.99
18,2,1985,2,0,6.21
19,2,1985,0.1,0,5.82
20,2,1985,0,0,7.43
21,2,1985,0,0,7.49
22,2,1985,0,0,5.95
23,2,1985,0,0,6.46
24,2,1985,0,0,6.74
25,2,1985,0,0,7.83
26,2,1985,0,0,7.7
27,2,1985,0,0,7.5
28,2,1985,0,0,7.01
1,3,1985,0,0,6.58
2,3,1985,0,0,4.22
3,3,1985,0,0,6.18
4,3,1985,0,0,5.96
5,3,1985,0,0,6.17
6,3,1985,0,0,5.87
7,3,1985,0.6,0,5.51
8,3,1985,6.8,0,4.46
9,3,1985,0,0,1.99
10,3,1985,0.1,0,4.22
11,3,1985,0,0,4.98
12,3,1985,0,0,4.77
13,3,1985,0,0,5.08
14,3,1985,0,0,4.93
15,3,1985,0,0,5.27
16,3,1985,2.4,0,4.68
17,3,1985,0.1,0,4.79
18,3,1985,0,0,5.74
19,3,1985,0.2,0,4.99
20,3,1985,0,0,4.37
21,3,1985,0,0,4.87
22,3,1985,0,0,4.24
23,3,1985,0,0,4.67
24,3,1985,0,0,4.63
25,3,1985,0,0,5.29
26,3,1985,0,0,5.37
27,3,1985,0,0,5.08
28,3,1985,0,0,5.22
29,3,1985,0,0,5.2
30,3,1985,0,0,4.85
31,3,1985,0,0,4.14
1,4,1985,0,0,3.65
2,4,1985,0,0,3.67
3,4,1985,0,0,3.46
4,4,1985,0,0,3.91
5,4,1985,0,0,3.74
6,4,1985,0,0,3.26
7,4,1985,1.5,0,3.46
8,4,1985,33.7,0,2.53
9,4,1985,35.5,0,1.56
10,4,1985,1.1,0,1.94
11,4,1985,5.8,0,2.42
12,4,1985,1.3,0,1.97
13,4,1985,0,0,2.5
14,4,1985,0,0,2.93
15,4,1985,0,0,3.09
16,4,1985,0,0,2.89
17,4,1985,0,0,2.76
18,4,1985,0,0,2.14
19,4,1985,0,0,2.84
20,4,1985,0,0,2.91
21,4,1985,0,0,3.01
22,4,1985,0,0,2.97
23,4,1985,0,0,2.88
24,4,1985,0,0,2.9
25,4,1985,0,0,2.42
26,4,1985,0,0,2.31
27,4,1985,3.3,0,2.41
28,4,1985,2.1,0,1.95
29,4,1985,1.4,0,1.9
30,4,1985,0.1,0,1.39
1,5,1985,0,0,2.18
2,5,1985,0,0,2.28
3,5,1985,15.1,0,2.09
4,5,1985,0.1,0,0.99
5,5,1985,0.1,0,0.94
6,5,1985,0,0,1.88
7,5,1985,0,0,1.87
8,5,1985,0,0,1.69
9,5,1985,0,0,1.72
10,5,1985,0,0,1.69
11,5,1985,0,0,1.8
12,5,1985,1.5,0,1.87
13,5,1985,0.1,0,1.45
14,5,1985,0,0,1.62
15,5,1985,0,0,1.61
16,5,1985,0,0,1.54
17,5,1985,0,0,1.53
18,5,1985,0,0,1.67
19,5,1985,0,0,1.86
20,5,1985,0,0,1.27
21,5,1985,0,0,1.45
22,5,1985,0,0,1.22
23,5,1985,0,0,1.57
24,5,1985,0,0,1.04
25,5,1985,20.2,0,1.52
26,5,1985,14.2,0,1.22
27,5,1985,7.6,0,0.87
28,5,1985,3,0,0.79
29,5,1985,0.1,0,0.82
30,5,1985,0,0,1.01
31,5,1985,0,0,1.06
1,6,1985,0,0,0.69
2,6,1985,0,0,1.03
3,6,1985,0,0,0.99
4,6,1985,12.2,0,0.83
5,6,1985,0.5,0,0.66
6,6,1985,12.5,0,0.79
7,6,1985,9.2,0,1.18
8,6,1985,5,0,0.77
9,6,1985,4,0,0.94
10,6,1985,1.7,0,0.88
11,6,1985,1.2,0,0.84
12,6,1985,4.5,0,0.94
13,6,1985,0.2,0,0.81
14,6,1985,0.8,0,0.98
15,6,1985,1.9,0,0.87
16,6,1985,22.3,0,0.88
17,6,1985,0.1,0,0.68
18,6,1985,0.1,0,0.69
19,6,1985,0.1,0,0.82
20,6,1985,0,0,0.85
21,6,1985,1.9,0,0.91
22,6,1985,2.9,0,0.94
23,6,1985,2.6,0,0.63
24,6,1985,16.5,0,0.86
25,6,1985,3.1,0,0.73
26,6,1985,0.9,0,0.94
27,6,1985,0.1,0,0.76
28,6,1985,0.2,0,1.07
29,6,1985,25.6,0,1.04
30,6,1985,41.7,0,0.7
1,7,1985,24.8,0.0107,0.95
2,7,1985,1.2,0.0218,0.84
3,7,1985,0.5,0.0103,0.74
4,7,1985,0.3,0.005,0.66
5,7,1985,0,0.0028,1.01
6,7,1985,0.1,0.0013,1.08
7,7,1985,0.1,0.0006,1.08
8,7,1985,0.3,0.0003,1.07
9,7,1985,0.1,0.0002,0.85
10,7,1985,9.2,0.0001,1.02
11,7,1985,1.3,0.0003,0.85
12,7,1985,0.1,0.0002,0.95
13,7,1985,52.9,0.0135,1.1
14,7,1985,0.3,0.0946,0.64
15,7,1985,0.1,0.0662,0.85
16,7,1985,0,0.0438,0.91
17,7,1985,1.6,0.0303,1.14
18,7,1985,5.8,0.0267,0.71
19,7,1985,13,0.0384,0.74
20,7,1985,0.1,0.0735,0.86
21,7,1985,0.1,0.0466,1.11
22,7,1985,0.1,0.0336,1.1
23,7,1985,0,0.0259,1.17
24,7,1985,1.9,0.0217,1.27
25,7,1985,1.6,0.0181,1.24
26,7,1985,6.5,0.0169,0.99
27,7,1985,27.4,0.0608,1.2
28,7,1985,0.3,0.1048,1.07
29,7,1985,0.2,0.0686,1.08
30,7,1985,0,0.0487,1.34
31,7,1985,5.2,0.0398,1.45
1,8,1985,10.1,0.0557,1.46
2,8,1985,11.5,0.092,1.5
3,8,1985,18.2,0.1234,1.19
4,8,1985,1.1,0.1955,1.34
5,8,1985,7.9,0.1551,1.5
6,8,1985,0.2,0.131,1
7,8,1985,0,0.1009,1.49
8,8,1985,3.6,0.0799,1.48
9,8,1985,7.7,0.0777,1.36
10,8,1985,0.3,0.0876,1.59
11,8,1985,0.1,0.0771,1.17
12,8,1985,3.7,0.0658,1.56
13,8,1985,0.1,0.0609,1.54
14,8,1985,0.2,0.0541,1.78
15,8,1985,0,0.0479,1.85
16,8,1985,0,0.0435,2
17,8,1985,0.2,0.0392,2.33
18,8,1985,34,0.0554,1.69
19,8,1985,24.8,0.2012,1.18
20,8,1985,0.3,0.3125,1.45
21,8,1985,0,0.2498,2.16
22,8,1985,0.7,0.1939,1.67
23,8,1985,12.6,0.1528,1.54
24,8,1985,22.9,0.1894,1.67
25,8,1985,7.5,0.3358,1.99
26,8,1985,21.6,0.3784,1.89
27,8,1985,0.1,0.525,1.47
28,8,1985,0.1,0.4316,2.22
29,8,1985,0.3,0.3385,2.61
30,8,1985,7.9,0.2491,2.38
31,8,1985,0.8,0.2128,2.35
1,9,1985,0,0.1933,2.42
2,9,1985,0,0.1636,2.66
3,9,1985,0,0.1347,2.9
4,9,1985,0,0.1122,3.13
5,9,1985,0,0.0955,3.18
6,9,1985,0,0.0823,3.2
7,9,1985,0.1,0.0739,3.36
8,9,1985,4.2,0.066,3.52
9,9,1985,0.1,0.0627,1.86
10,9,1985,0.3,0.061,3.04
11,9,1985,0,0.0562,2.44
12,9,1985,0.1,0.0516,3.12
13,9,1985,0,0.0472,3.19
14,9,1985,4.2,0.0447,3.34
15,9,1985,0,0.0434,2.66
16,9,1985,1.1,0.0419,2.44
17,9,1985,17.5,0.0428,2.6
18,9,1985,0.2,0.0666,2.2
19,9,1985,0.1,0.0744,3.93
20,9,1985,0,0.0634,4.2
21,9,1985,19.2,0.0602,2.85
22,9,1985,1.8,0.1116,2.01
23,9,1985,0,0.1013,2.39
24,9,1985,0,0.0781,3.4
25,9,1985,0,0.0652,3.09
26,9,1985,0,0.0548,3.3
27,9,1985,0,0.047,4.23
28,9,1985,3.7,0.0423,4.42
29,9,1985,0.8,0.0393,2.38
30,9,1985,1.4,0.0378,2.96
1,10,1985,0.1,0.0358,3.45
2,10,1985,0.2,0.0329,4.54
3,10,1985,0.1,0.0304,4.09
4,10,1985,5,0.0277,2.55
5,10,1985,1.4,0.0259,3.8
6,10,1985,0,0.025,4.03
7,10,1985,0,0.024,5.2
8,10,1985,0,0.0223,5.71
9,10,1985,0.1,0.0198,3.22
10,10,1985,0,0.0175,3.48
11,10,1985,0,0.0155,4.62
12,10,1985,8.5,0.0145,4.91
13,10,1985,1.5,0.0144,3.55
14,10,1985,0,0.0144,4.74
15,10,1985,0,0.0151,4.82
16,10,1985,0,0.0144,4.97
17,10,1985,0,0.013,4.96
18,10,1985,0,0.0113,4.86
19,10,1985,0,0.0097,4.71
20,10,1985,2.4,0.0085,5.11
21,10,1985,0.2,0.0073,4.64
22,10,1985,0,0.0062,4.35
23,10,1985,0,0.0054,4.83
24,10,1985,0,0.0048,5.43
25,10,1985,0.7,0.0044,6.35
26,10,1985,0.1,0.0038,5.11
27,10,1985,13.3,0.0034,5.1
28,10,1985,5.8,0.004,3.65
29,10,1985,0.1,0.0039,3.61
30,10,1985,0,0.0037,4.65
31,10,1985,0,0.0051,6.04
1,11,1985,0,0.0045,6.91
2,11,1985,8.9,0.0036,7.66
3,11,1985,5,0.0036,2.84
4,11,1985,0,0.003,4.53
5,11,1985,0,0.0026,6.41
6,11,1985,0,0.0019,6.83
7,11,1985,9.8,0.0017,6.87
8,11,1985,14.9,0.0024,3.1
9,11,1985,1.4,0.0027,4.07
10,11,1985,0,0.003,5.34
11,11,1985,0,0.0037,6.63
12,11,1985,0,0.005,7.12
13,11,1985,0.1,0.0037,5.61
14,11,1985,0,0.0026,5.71
15,11,1985,0,0.002,5.18
16,11,1985,0,0.0014,3.73
17,11,1985,0,0.001,6.55
18,11,1985,0,0.0007,7.06
19,11,1985,0.7,0.0005,7.79
20,11,1985,0,0.0004,7
21,11,1985,2.8,0.0003,7.38
22,11,1985,2.5,0.0002,4.58
23,11,1985,0,0.0001,4.95
24,11,1985,0,0.0001,6.54
25,11,1985,0,0,7.14
26,11,1985,0,0,7.89
27,11,1985,0,0,8.32
28,11,1985,0,0,7.41
29,11,1985,0,0,7.43
30,11,1985,0.4,0,5.87
1,12,1985,0.1,0,6.51
2,12,1985,0,0,6.22
3,12,1985,0,0,5.27
4,12,1985,0,0,5.92
5,12,1985,0.1,0,5.7
6,12,1985,0,0,6.41
7,12,1985,0,0,7.04
8,12,1985,0,0,7.55
9,12,1985,0,0,8.3
10,12,1985,0,0,7.91
11,12,1985,0,0,6.38
12,12,1985,0,0,7.24
13,12,1985,0,0,7.59
14,12,1985,2.3,0,6.05
15,12,1985,0,0,5.02
16,12,1985,0,0,7.27
17,12,1985,1.4,0,8.08
18,12,1985,2,0,4.99
19,12,1985,0,0,5.94
20,12,1985,1,0,5.35
21,12,1985,0,0,5.21
22,12,1985,0,0,7.18
23,12,1985,0,0,7.78
24,12,1985,1,0,7.78
25,12,1985,0,0,6.37
26,12,1985,0,0,6.65
27,12,1985,0,0,7.92
28,12,1985,0,0,8.25
29,12,1985,0,0,5.52
30,12,1985,0,0,7.34
31,12,1985,0,0,7.69
1,1,1986,0,0,8.21
2,1,1986,0,0,7.55
3,1,1986,0,0,8.19
4,1,1986,0,0,7.79
5,1,1986,0,0,8.26
6,1,1986,0.1,0,6.7
7,1,1986,0,0,7.28
8,1,1986,0.6,0,8.99
9,1,1986,0.3,0,7.23
10,1,1986,0,0,4
11,1,1986,0,0,5.92
12,1,1986,0,0,5.55
13,1,1986,0,0,6.91
14,1,1986,0,0,7.13
15,1,1986,0,0,6.74
16,1,1986,0,0,7.46
17,1,1986,0,0,8.18
18,1,1986,0,0,8.45
19,1,1986,0,0,7.96
20,1,1986,0,0,8.32
21,1,1986,0,0,8.43
22,1,1986,0,0,8.95
23,1,1986,0,0,9.02
24,1,1986,0,0,9.05
25,1,1986,0,0,8.89
26,1,1986,0,0,8.18
27,1,1986,0,0,6.66
28,1,1986,0,0,6.7
29,1,1986,0,0,7.36
30,1,1986,0,0,8.07
31,1,1986,0,0,6.41
1,2,1986,0,0,7.03
2,2,1986,0,0,7.18
3,2,1986,0,0,7.55
4,2,1986,0,0,7.5
5,2,1986,0,0,6.67
6,2,1986,0,0,4.06
7,2,1986,1.3,0,4.54
8,2,1986,0.3,0,4.4
9,2,1986,0,0,4.75
10,2,1986,0,0,6.75
11,2,1986,1.1,0,5.98
12,2,1986,0.2,0,3.98
13,2,1986,2.7,0,4.48
14,2,1986,0.1,0,3.54
15,2,1986,0.1,0,4.75
16,2,1986,0,0,5.68
17,2,1986,0,0,6.1
18,2,1986,0,0,6.61
19,2,1986,2.7,0,7.42
20,2,1986,0,0,5.92
21,2,1986,80.3,0,3.98
22,2,1986,1.5,0,2.45
23,2,1986,0.2,0,3.61
24,2,1986,0,0,5.32
25,2,1986,0,0,5.81
26,2,1986,7,0,6.2
27,2,1986,0.3,0,2.76
28,2,1986,0,0,4.54
1,3,1986,0,0,6.34
2,3,1986,0,0,6.47
3,3,1986,0,0,5.9
4,3,1986,0,0,4.89
5,3,1986,0,0,5.71
6,3,1986,0.1,0,4.59
7,3,1986,0.2,0,4.65
8,3,1986,0.1,0,5.28
9,3,1986,10,0,2.19
10,3,1986,0.9,0,2.23
11,3,1986,4.3,0,5.11
12,3,1986,0.1,0,3.2
13,3,1986,0,0,4.75
14,3,1986,0,0,4.31
15,3,1986,0,0,4.92
16,3,1986,0,0,5.57
17,3,1986,0,0,5.1
18,3,1986,0,0,2.38
19,3,1986,16.5,0,4.42
20,3,1986,0.1,0,2.18
21,3,1986,0,0,3.48
22,3,1986,0,0,3.78
23,3,1986,0,0,4.32
24,3,1986,0,0,4.53
25,3,1986,0.1,0,4.99
26,3,1986,0,0,3.51
27,3,1986,0,0,4.49
28,3,1986,6,0,4.27
29,3,1986,0,0,2.15
30,3,1986,0,0,3.59
31,3,1986,0.1,0,4.14
1,4,1986,0.4,0,3.36
2,4,1986,0.9,0,3.43
3,4,1986,0.4,0,1.89
4,4,1986,0,0,2.97
5,4,1986,0,0,2.98
6,4,1986,0,0,3.81
7,4,1986,0,0,4.14
8,4,1986,0,0,3.61
9,4,1986,0.9,0,2.83
10,4,1986,0.1,0,1.93
11,4,1986,0,0,2.96
12,4,1986,0,0,3.3
13,4,1986,1.1,0,3.45
14,4,1986,0.1,0,1.86
15,4,1986,0,0,2.78
16,4,1986,0,0,2.54
17,4,1986,0,0,3
18,4,1986,0,0,3.16
19,4,1986,0,0,2.96
20,4,1986,0,0,2.77
21,4,1986,0,0,2.67
22,4,1986,0,0,2.61
23,4,1986,0,0,2.61
24,4,1986,0,0,2.25
25,4,1986,0,0,2.4
26,4,1986,0,0,2.45
27,4,1986,0.1,0,2.48
28,4,1986,0,0,2.49
29,4,1986,0,0,2.49
30,4,1986,0,0,2.57
1,5,1986,0,0,1.85
2,5,1986,0,0,2.42
3,5,1986,0,0,2.17
4,5,1986,1.5,0,1.81
5,5,1986,2.2,0,1.48
6,5,1986,0.6,0,1.53
7,5,1986,6.2,0,1.14
8,5,1986,0.7,0,1
9,5,1986,0,0,1.43
10,5,1986,2.2,0,1.47
11,5,1986,0.1,0,0.96
12,5,1986,1.7,0,1.5
13,5,1986,14.8,0,0.99
14,5,1986,0.8,0,0.88
15,5,1986,2,0,1.02
16,5,1986,0.1,0,1.19
17,5,1986,0.1,0,1.41
18,5,1986,0,0,1.25
19,5,1986,20.1,0,1.55
20,5,1986,26.1,0,1.15
21,5,1986,26.3,0,1.04
22,5,1986,0,0,0.78
23,5,1986,0.1,0,1.08
24,5,1986,0,0,1.24
25,5,1986,21.1,0,1.31
26,5,1986,5.2,0,0.8
27,5,1986,0.2,0,0.87
28,5,1986,0,0,1.08
29,5,1986,0,0,1.23
30,5,1986,0,0,1.24
31,5,1986,0,0,1.11
1,6,1986,0,0,1.13
2,6,1986,0,0,1.17
3,6,1986,0,0,1.2
4,6,1986,0,0,1.14
5,6,1986,0,0,1.06
6,6,1986,0,0,1.01
7,6,1986,0,0,0.92
8,6,1986,0,0,1.02
9,6,1986,2.4,0,1.16
10,6,1986,0.1,0,0.65
11,6,1986,0,0,0.69
12,6,1986,0.2,0,0.83
13,6,1986,0,0,1
14,6,1986,7.4,0,0.92
15,6,1986,1.9,0,0.6
16,6,1986,27.8,0,0.68
17,6,1986,4.5,0,0.61
18,6,1986,0,0,0.7
19,6,1986,0,0,0.66
20,6,1986,0,0,0.8
21,6,1986,0,0,0.88
22,6,1986,12.7,0,0.91
23,6,1986,4.9,0,0.74
24,6,1986,13.3,0,0.67
25,6,1986,40.2,0.0024,0.83
26,6,1986,11.8,0.0093,0.63
27,6,1986,25.9,0.0279,0.71
28,6,1986,16.8,0.1135,0.69
29,6,1986,0.4,0.1409,0.67
30,6,1986,0.2,0.081,0.75
1,7,1986,0,0.0574,0.89
2,7,1986,13.5,0.0491,0.83
3,7,1986,2.7,0.0813,0.65
4,7,1986,2.9,0.0748,0.78
5,7,1986,2.6,0.0559,0.85
6,7,1986,0.6,0.0464,0.73
7,7,1986,0,0.0395,0.88
8,7,1986,0,0.0329,0.87
9,7,1986,0,0.0276,0.72
10,7,1986,0,0.0234,0.8
11,7,1986,0.1,0.0199,0.95
12,7,1986,6.6,0.0174,1.02
13,7,1986,17.9,0.0234,0.97
14,7,1986,18.9,0.0954,0.86
15,7,1986,0.2,0.1619,0.77
16,7,1986,0,0.1406,0.75
17,7,1986,0,0.1093,0.83
18,7,1986,5.2,0.0824,0.86
19,7,1986,0.2,0.0688,0.69
20,7,1986,4.9,0.0599,1.07
21,7,1986,3.9,0.0603,0.94
22,7,1986,7.3,0.0669,0.83
23,7,1986,2.2,0.0729,0.7
24,7,1986,0.2,0.0818,1.06
25,7,1986,0,0.0734,1.25
26,7,1986,0.1,0.0605,1.14
27,7,1986,0.1,0.0523,1.25
28,7,1986,0,0.0463,1.31
29,7,1986,2,0.0416,1.37
30,7,1986,28.8,0.0512,1.29
31,7,1986,16.1,0.171,0.97
1,8,1986,0.2,0.2733,1.22
2,8,1986,0,0.2484,1.47
3,8,1986,0,0.1926,1.46
4,8,1986,0.1,0.1453,1.45
5,8,1986,0,0.11,1.6
6,8,1986,11.4,0.0915,1.64
7,8,1986,2.8,0.1011,1.44
8,8,1986,6.8,0.1202,1.31
9,8,1986,0.2,0.1339,1.23
10,8,1986,0,0.1148,1.65
11,8,1986,9.5,0.0977,1.5
12,8,1986,0.1,0.105,1.34
13,8,1986,0.1,0.092,1.68
14,8,1986,9.3,0.0807,1.76
15,8,1986,0.1,0.106,1.08
16,8,1986,0.1,0.1003,1.98
17,8,1986,13.4,0.0864,1.94
18,8,1986,6.3,0.132,1.25
19,8,1986,2,0.1549,1.8
20,8,1986,2,0.1594,1.53
21,8,1986,16.8,0.1483,2.03
22,8,1986,3.5,0.1953,1.76
23,8,1986,1.2,0.2268,1.78
24,8,1986,12.4,0.2183,1.85
25,8,1986,0,0.2639,1.84
26,8,1986,0,0.2333,2.13
27,8,1986,11.2,0.1878,1.98
28,8,1986,1,0.2269,2.07
29,8,1986,0,0.2021,2.11
30,8,1986,3,0.1635,1.6
31,8,1986,0.2,0.143,1.98
1,9,1986,0.1,0.1288,2.65
2,9,1986,0,0.1129,3.06
3,9,1986,4.4,0.0995,1.43
4,9,1986,0.3,0.0938,2.34
5,9,1986,0.1,0.0892,1.35
6,9,1986,0.1,0.0799,2.77
7,9,1986,0.3,0.0716,3.25
8,9,1986,0,0.0652,2.92
9,9,1986,0,0.0606,3.32
10,9,1986,1.5,0.0566,3.41
11,9,1986,0.2,0.0542,1.66
12,9,1986,0,0.0513,2.67
13,9,1986,0,0.0479,2.49
14,9,1986,15.7,0.0457,2.26
15,9,1986,3.9,0.0957,1.85
16,9,1986,0,0.1218,2.39
17,9,1986,0.9,0.0937,2.06
18,9,1986,5.8,0.0783,2.79
19,9,1986,0.4,0.0796,2.72
20,9,1986,3.7,0.0753,1.73
21,9,1986,0,0.0709,2.33
22,9,1986,0.5,0.0642,2.04
23,9,1986,0.1,0.0555,3
24,9,1986,0,0.0492,3.51
25,9,1986,0.2,0.045,2.37
26,9,1986,0.3,0.0414,2
27,9,1986,0,0.038,3.83
28,9,1986,0.4,0.0349,4.66
29,9,1986,0.1,0.0321,3.2
30,9,1986,0.1,0.0301,3.55
1,10,1986,0,0.0301,3.01
2,10,1986,0,0.0281,3.75
3,10,1986,0,0.0259,3.59
4,10,1986,0,0.0242,2.55
5,10,1986,2.2,0.0226,2.73
6,10,1986,0.2,0.021,3.41
7,10,1986,0.1,0.0197,3.45
8,10,1986,0.2,0.0185,4.43
9,10,1986,0,0.0172,4.04
10,10,1986,0,0.0159,4.49
11,10,1986,0,0.0148,4.61
12,10,1986,26.1,0.0171,5.03
13,10,1986,2.6,0.0602,2.98
14,10,1986,2.5,0.0655,3.81
15,10,1986,0.4,0.054,2.83
16,10,1986,9.2,0.0456,4.11
17,10,1986,1.8,0.0544,2.99
18,10,1986,1.1,0.057,3.73
19,10,1986,0.2,0.0482,3.81
20,10,1986,0,0.04,5.04
21,10,1986,0,0.0329,5.07
22,10,1986,0,0.0275,4.52
23,10,1986,0,0.0229,5.04
24,10,1986,0,0.0193,5.34
25,10,1986,0,0.0166,5.99
26,10,1986,0.3,0.0142,4.74
27,10,1986,1.4,0.0125,5.73
28,10,1986,0,0.0106,5.03
29,10,1986,0.3,0.0093,5.39
30,10,1986,0,0.0082,4.22
31,10,1986,0,0.0075,5.33
1,11,1986,0,0.0068,5.88
2,11,1986,0,0.006,6.93
3,11,1986,1.5,0.0056,5.14
4,11,1986,0.9,0.005,2.39
5,11,1986,0.2,0.0046,4.28
6,11,1986,0,0.0042,4.47
7,11,1986,0,0.0036,5.19
8,11,1986,21.3,0.0041,6.8
9,11,1986,0.6,0.0053,2.61
10,11,1986,0,0.0056,5.97
11,11,1986,0,0.0066,5.36
12,11,1986,0,0.0079,7.25
13,11,1986,0,0.007,5.82
14,11,1986,0,0.0059,4.11
15,11,1986,0,0.0049,5.8
16,11,1986,0.2,0.004,5.8
17,11,1986,0,0.0032,4.45
18,11,1986,0,0.0025,7.02
19,11,1986,0,0.002,7.83
20,11,1986,0,0.0017,7.87
21,11,1986,0,0.0013,6.95
22,11,1986,0,0.0009,6.87
23,11,1986,0,0.0006,7.14
24,11,1986,0,0.0005,7.28
25,11,1986,0,0.0003,6.82
26,11,1986,0.3,0.0002,7.15
27,11,1986,0,0.0001,6.58
28,11,1986,0,0,7.53
29,11,1986,0.4,0,7.91
30,11,1986,5.1,0,6.01
1,12,1986,0.1,0,5.59
2,12,1986,0,0,4.82
3,12,1986,0,0,5.28
4,12,1986,0,0,7.03
5,12,1986,0,0,4.46
6,12,1986,0,0,6.89
7,12,1986,0,0,6.14
8,12,1986,0,0,7
9,12,1986,0,0,4.7
10,12,1986,0,0,6.04
11,12,1986,0,0,6.68
12,12,1986,0,0,6.25
13,12,1986,0,0,8.21
14,12,1986,2.7,0,8.21
15,12,1986,0,0,5.9
16,12,1986,0,0,6.82
17,12,1986,0,0,7.34
18,12,1986,0,0,7.77
19,12,1986,0,0,8.59
20,12,1986,0,0,8.66
21,12,1986,0,0,8.61
22,12,1986,0,0,7.78
23,12,1986,0,0,5.81
24,12,1986,0,0,6.71
25,12,1986,0,0,7.39
26,12,1986,0,0,7.23
27,12,1986,0,0,5.58
28,12,1986,0,0,7.66
29,12,1986,0,0,7.73
30,12,1986,0,0,6.51
31,12,1986,0,0,6.31
1,1,1987,0,0,7.5
2,1,1987,0,0,7
3,1,1987,0,0,7.7
4,1,1987,0,0,8.08
5,1,1987,0,0,8.28
6,1,1987,0,0,7.59
7,1,1987,0,0,5.62
8,1,1987,0,0,7.26
9,1,1987,0.1,0,6.89
10,1,1987,0,0,4.14
11,1,1987,0,0,5.84
12,1,1987,0,0,6.84
13,1,1987,0,0,7.46
14,1,1987,0,0,8.2
15,1,1987,0,0,8.08
16,1,1987,0,0,5.49
17,1,1987,0,0,6.06
18,1,1987,0,0,6.98
19,1,1987,0,0,7.31
20,1,1987,0,0,7.79
21,1,1987,0,0,7.55
22,1,1987,0,0,6.07
23,1,1987,0,0,7.64
24,1,1987,0,0,6.11
25,1,1987,0,0,6.08
26,1,1987,0,0,6.54
27,1,1987,0,0,7.33
28,1,1987,0,0,7.77
29,1,1987,0,0,7.54
30,1,1987,0,0,7
31,1,1987,0,0,6.59
1,2,1987,0,0,3.76
2,2,1987,0,0,6.39
3,2,1987,0,0,7.27
4,2,1987,0,0,7.8
5,2,1987,0,0,7.84
6,2,1987,0,0,7.24
7,2,1987,0,0,5.97
8,2,1987,0,0,6.85
9,2,1987,0,0,7.58
10,2,1987,0,0,6.6
11,2,1987,0,0,7.09
12,2,1987,0,0,7.67
13,2,1987,0,0,7.16
14,2,1987,0,0,6.41
15,2,1987,0,0,6.84
16,2,1987,0,0,7.15
17,2,1987,0,0,7.7
18,2,1987,0,0,6.7
19,2,1987,0,0,4.83
20,2,1987,0,0,4.63
21,2,1987,0,0,6.28
22,2,1987,0,0,6.44
23,2,1987,0,0,6.57
24,2,1987,0,0,5.89
25,2,1987,0,0,6.41
26,2,1987,0,0,6.07
27,2,1987,0,0,5.36
28,2,1987,0,0,5.66
1,3,1987,0,0,5.98
2,3,1987,0,0,6
3,3,1987,0,0,6.35
4,3,1987,0,0,5.5
5,3,1987,0,0,4.61
6,3,1987,0,0,5.87
7,3,1987,0,0,5.93
8,3,1987,0,0,5.92
9,3,1987,0,0,6.15
10,3,1987,0,0,4.55
11,3,1987,0,0,5.91
12,3,1987,0,0,3.1
13,3,1987,0,0,3.26
14,3,1987,0.2,0,4.3
15,3,1987,0.2,0,2.23
16,3,1987,0.6,0,4.34
17,3,1987,7.4,0,4.42
18,3,1987,0,0,3.44
19,3,1987,0,0,4.5
20,3,1987,0,0,4.86
21,3,1987,0,0,5.1
22,3,1987,0,0,3.54
23,3,1987,0.3,0,4.56
24,3,1987,0.1,0,3.75
25,3,1987,0.3,0,2.6
26,3,1987,0,0,2.04
27,3,1987,0,0,4.08
28,3,1987,0,0,2.37
29,3,1987,0,0,3.72
30,3,1987,0.7,0,3.84
31,3,1987,0.8,0,2.23
1,4,1987,0,0,2.99
2,4,1987,0,0,3.29
3,4,1987,0,0,3.8
4,4,1987,1.4,0,2.81
5,4,1987,0,0,3.15
6,4,1987,0,0,3.32
7,4,1987,11,0,2.84
8,4,1987,44.2,0,2.73
9,4,1987,0.4,0,2.79
10,4,1987,0.2,0,2.93
11,4,1987,6.8,0,2.43
12,4,1987,0.2,0,2.42
13,4,1987,0,0,2.92
14,4,1987,0,0,2.97
15,4,1987,0,0,3.17
16,4,1987,0,0,3.48
17,4,1987,0,0,3.63
18,4,1987,0,0,3.03
19,4,1987,0,0,2.55
20,4,1987,10.4,0,2.9
21,4,1987,5.2,0,3.16
22,4,1987,0.2,0,1.51
23,4,1987,0,0,2.36
24,4,1987,9.4,0,1.45
25,4,1987,13.7,0,1.36
26,4,1987,0.7,0,1.86
27,4,1987,0.5,0,2.11
28,4,1987,0.2,0,1.19
29,4,1987,0,0,2.22
30,4,1987,12,0,2.84
1,5,1987,5.4,0,1.85
2,5,1987,0,0,1.45
3,5,1987,0,0,1.74
4,5,1987,0,0,1.94
5,5,1987,0,0,2.11
6,5,1987,0,0,2.13
7,5,1987,0.3,0,2.28
8,5,1987,25.6,0,1.71
9,5,1987,10.6,0,0.99
10,5,1987,1.7,0,1.17
11,5,1987,0,0,0.92
12,5,1987,0.2,0,1.4
13,5,1987,0,0,1.47
14,5,1987,0.7,0,0.93
15,5,1987,0,0,1.36
16,5,1987,0,0,1.39
17,5,1987,0,0,1.12
18,5,1987,0.2,0,1.14
19,5,1987,0,0,1.42
20,5,1987,0,0,1.47
21,5,1987,0,0,0.96
22,5,1987,0.2,0,1.08
23,5,1987,0.2,0,1.12
24,5,1987,0,0,1.26
25,5,1987,0.2,0,1.22
26,5,1987,0,0,0.99
27,5,1987,0,0,0.74
28,5,1987,0,0,1.22
29,5,1987,0.2,0,1.13
30,5,1987,0,0,1.22
31,5,1987,0,0,1.04
1,6,1987,0,0,0.8
2,6,1987,0,0,1.1
3,6,1987,4.8,0,1.06
4,6,1987,0.2,0,0.69
5,6,1987,0,0,1.04
6,6,1987,16.4,0,1.1
7,6,1987,4.6,0,0.76
8,6,1987,6.6,0,0.84
9,6,1987,7.2,0,0.92
10,6,1987,0.3,0,0.96
11,6,1987,0,0,0.86
12,6,1987,0.2,0,0.83
13,6,1987,0,0,0.99
14,6,1987,0.2,0,0.92
15,6,1987,10.6,0,0.9
16,6,1987,0.5,0,0.65
17,6,1987,17.4,0,0.8
18,6,1987,17.8,0,0.82
19,6,1987,19.5,0,0.62
20,6,1987,7.2,0.0001,0.78
21,6,1987,4.7,0.0006,0.63
22,6,1987,1.9,0.0009,0.8
23,6,1987,0,0.0006,0.72
24,6,1987,3.4,0.0003,0.88
25,6,1987,2.1,0.0004,0.77
26,6,1987,0.6,0.0007,0.7
27,6,1987,0.5,0.0017,0.66
28,6,1987,2.2,0.0014,0.71
29,6,1987,2.6,0.0005,0.75
30,6,1987,0.2,0.0003,0.72
1,7,1987,1.2,0.0002,0.92
2,7,1987,0.3,0.0002,0.75
3,7,1987,22.4,0.0007,0.93
4,7,1987,1,0.0006,0.79
5,7,1987,0,0.0005,0.91
6,7,1987,0.2,0.0004,0.99
7,7,1987,25.3,0.005,1.14
8,7,1987,3.6,0.0064,0.85
9,7,1987,0.1,0.0029,0.81
10,7,1987,0,0.0017,0.9
11,7,1987,0.3,0.0014,0.97
12,7,1987,1.1,0.0017,0.72
13,7,1987,3.8,0.0011,0.76
14,7,1987,0.2,0.0009,0.87
15,7,1987,3.2,0.0043,0.8
16,7,1987,0.3,0.006,1.03
17,7,1987,0,0.0031,1.02
18,7,1987,0.1,0.0025,0.85
19,7,1987,0,0.002,1.09
20,7,1987,0,0.0016,1.06
21,7,1987,0.4,0.0012,1
22,7,1987,3.6,0.001,0.98
23,7,1987,9,0.0012,1.14
24,7,1987,0.1,0.0027,0.98
25,7,1987,0.2,0.0035,0.92
26,7,1987,0,0.0028,1.28
27,7,1987,0,0.0025,1.27
28,7,1987,60.8,0.4516,1.25
29,7,1987,55.5,0.8653,0.85
30,7,1987,10.5,0.793,1.01
31,7,1987,8.9,0.5842,1.07
1,8,1987,0,0.4627,1.21
2,8,1987,0,0.3637,1.26
3,8,1987,0,0.2683,1.44
4,8,1987,0,0.1938,1.51
5,8,1987,0.1,0.1464,1.62
6,8,1987,0.1,0.1168,1.71
7,8,1987,0,0.0935,1.82
8,8,1987,0,0.0789,2.01
9,8,1987,0,0.0671,1.93
10,8,1987,0,0.052,1.35
11,8,1987,0,0.0451,1.25
12,8,1987,23,0.0469,2.27
13,8,1987,0.2,0.1333,1.01
14,8,1987,0,0.1596,1.43
15,8,1987,0,0.095,1.32
16,8,1987,0.1,0.0601,1.77
17,8,1987,0.1,0.0484,2.23
18,8,1987,0,0.0435,2.29
19,8,1987,0,0.0383,2.43
20,8,1987,15.1,0.0331,2.63
21,8,1987,1.6,0.0299,1.28
22,8,1987,0.1,0.0335,1.37
23,8,1987,0,0.0422,1.71
24,8,1987,2.7,0.0398,1.81
25,8,1987,26.4,0.0558,1.6
26,8,1987,0.2,0.1324,1.2
27,8,1987,0.1,0.152,2.29
28,8,1987,0,0.1167,1.35
29,8,1987,0.1,0.0899,2.59
30,8,1987,0,0.0745,2.47
31,8,1987,0.1,0.0654,2.25
1,9,1987,0.1,0.0574,1.94
2,9,1987,0,0.0511,2.54
3,9,1987,0,0.047,2.42
4,9,1987,0,0.0432,2.47
5,9,1987,1.9,0.0395,2.81
6,9,1987,0.1,0.0361,2.85
7,9,1987,0,0.0322,2.93
8,9,1987,0.1,0.0291,3.09
9,9,1987,0,0.0269,3.37
10,9,1987,0,0.0248,3.54
11,9,1987,0,0.0227,3.69
12,9,1987,0,0.0209,3.11
13,9,1987,0,0.019,2.61
14,9,1987,0,0.0171,4.06
15,9,1987,0,0.0162,4.1
16,9,1987,0.4,0.0154,3.76
17,9,1987,0,0.0147,3.81
18,9,1987,12.1,0.0151,3.74
19,9,1987,0.6,0.0158,1.89
20,9,1987,0.2,0.0184,2.72
21,9,1987,0,0.0198,3.69
22,9,1987,3.1,0.0174,3.85
23,9,1987,17.2,0.0242,3.69
24,9,1987,0.2,0.0554,3.22
25,9,1987,4.5,0.0504,2.99
26,9,1987,11.9,0.053,3.4
27,9,1987,0.2,0.0731,2.18
28,9,1987,0,0.0613,3.44
29,9,1987,0,0.0485,3.87
30,9,1987,0,0.0399,4.21
1,10,1987,0,0.0338,4.83
2,10,1987,0,0.0292,5.11
3,10,1987,3,0.0256,3.61
4,10,1987,0.2,0.0237,2.05
5,10,1987,0,0.0232,4.35
6,10,1987,0.2,0.0213,4.89
7,10,1987,0,0.0183,3.5
8,10,1987,0,0.0163,4.38
9,10,1987,0,0.0141,4.62
10,10,1987,0,0.0122,5.08
11,10,1987,0,0.0107,4.49
12,10,1987,4.4,0.0099,5.14
13,10,1987,0.6,0.0091,4.05
14,10,1987,6.1,0.0103,4.2
15,10,1987,0.2,0.0101,3.22
16,10,1987,0,0.0101,4.18
17,10,1987,0,0.01,2.93
18,10,1987,0,0.0094,5.21
19,10,1987,0,0.0084,5.59
20,10,1987,0,0.0063,5.31
21,10,1987,0,0.0055,4.48
22,10,1987,0,0.0048,5.12
23,10,1987,0,0.0043,5.11
24,10,1987,0,0.0037,5.27
25,10,1987,0,0.0031,5.37
26,10,1987,0,0.0027,5.38
27,10,1987,0,0.0023,4.02
28,10,1987,0,0.002,5.68
29,10,1987,1.4,0.0019,6.75
30,10,1987,0.5,0.0018,4.6
31,10,1987,7,0.0018,5.01
1,11,1987,1.6,0.0018,2.27
2,11,1987,0.1,0.0017,4.91
3,11,1987,0,0.0016,5.08
4,11,1987,0,0.0013,5.91
5,11,1987,0,0.0011,6.23
6,11,1987,0,0.0009,6.81
7,11,1987,0,0.0008,6.73
8,11,1987,0,0.0006,6.75
9,11,1987,0,0.0005,6.25
10,11,1987,0,0.0004,6.45
11,11,1987,9.4,0.0003,7.43
12,11,1987,0,0.0002,4.37
13,11,1987,0.2,0.0001,6.52
14,11,1987,2.2,0.0001,6.41
15,11,1987,0,0.0001,4.03
16,11,1987,0.4,0.0001,6.5
17,11,1987,0.9,0,3.54
18,11,1987,0.3,0,4.84
19,11,1987,0,0,5.58
20,11,1987,1.1,0,3.54
21,11,1987,0,0,5.76
22,11,1987,0.1,0,5.9
23,11,1987,0.2,0,6.06
24,11,1987,0,0,5.4
25,11,1987,0,0,6.87
26,11,1987,0,0,7.2
27,11,1987,0,0,7.47
28,11,1987,0.2,0,6.8
29,11,1987,20.6,0,6.12
30,11,1987,0.2,0,3.31
1,12,1987,0,0,6.17
2,12,1987,0,0,6.43
3,12,1987,0,0,7.46
4,12,1987,0,0,6.54
5,12,1987,0,0,3.09
6,12,1987,1.2,0,8.12
7,12,1987,0.2,0,6.71
8,12,1987,0,0,7.09
9,12,1987,0,0,7.07
10,12,1987,0,0,7.13
11,12,1987,0,0,7.05
12,12,1987,0,0,6.92
13,12,1987,0,0,5.51
14,12,1987,0,0,6.74
15,12,1987,0,0,6.89
16,12,1987,0,0,7.02
17,12,1987,0,0,7.87
18,12,1987,0.1,0,8.54
19,12,1987,0.1,0,7.26
20,12,1987,0,0,8.25
21,12,1987,0,0,8.26
22,12,1987,0,0,7.72
23,12,1987,3.9,0,5.24
24,12,1987,2.9,0,7.4
25,12,1987,1.1,0,4.42
26,12,1987,2.6,0,6.01
27,12,1987,0,0,6.81
28,12,1987,0,0,7.61
29,12,1987,0,0,8.02
30,12,1987,2.7,0,6.58
31,12,1987,0,0,6.56
